query_id,query,observed_rank,observed_page,date,year_filter,title_as_displayed,result_url,decision,citation_key
S01,allintitle: blockchain data privacy,1,1,2026-09-30,2024-2026,A blockchain-based system for patient data privacy and security,https://link.springer.com/article/10.1007/s11042-023-17941-y,retained_after_primary_text_check,updateMasood2024Patient
S01,allintitle: blockchain data privacy,2,1,2026-09-30,2024-2026,Balancing data privacy and compliance in blockchain-based financial systems,https://papers.ssrn.com/sol3/papers.cfm?abstract_id=4949837,candidate_full_text_assessment_not_completed,
S01,allintitle: blockchain data privacy,3,1,2026-09-30,2024-2026,Blockchain adoption in education with enhancing data privacy,https://link.springer.com/chapter/10.1007/978-3-031-60221-4_42,pending_primary_full_text,
S01,allintitle: blockchain data privacy,4,1,2026-09-30,2024-2026,"Enhancing healthcare with blockchain: Innovations in data privacy, security, and interoperability",https://ieeexplore.ieee.org/abstract/document/10986335/,pending_primary_full_text,
S01,allintitle: blockchain data privacy,5,1,2026-09-30,2024-2026,Integrating blockchain and ZK-ROLLUP for efficient healthcare data privacy protection system via IPFS,https://www.nature.com/articles/s41598-024-62292-9,retained_after_primary_text_check,updateMaZhang2024Rollup
S01,allintitle: blockchain data privacy,6,1,2026-09-30,2024-2026,Data privacy model using blockchain reinforcement federated learning approach for scalable internet of medical things,https://ietresearch.onlinelibrary.wiley.com/doi/abs/10.1049/cit2.12287,retained_after_primary_text_check,updateDhasaratha2024IoMT
S01,allintitle: blockchain data privacy,7,1,2026-09-30,2024-2026,Blockchain-enhanced data privacy preservation and secure sharing scheme for healthcare IoT,https://ieeexplore.ieee.org/abstract/document/10737075/,pending_primary_full_text,
S01,allintitle: blockchain data privacy,8,1,2026-09-30,2024-2026,Blockchain and machine learning approaches to enhancing data privacy and securing distributed systems,https://ieeexplore.ieee.org/abstract/document/11251973/,pending_primary_full_text,
S01,allintitle: blockchain data privacy,9,1,2026-09-30,2024-2026,Ensuring zero trust IoT data privacy: Differential privacy in blockchain using federated learning,https://ieeexplore.ieee.org/abstract/document/10638120/,retained_after_primary_text_check,updateHussain2025ZeroTrust
S01,allintitle: blockchain data privacy,10,1,2026-09-30,2024-2026,A blockchain-empowered federated learning-based framework for data privacy in lung disease detection system,https://www.sciencedirect.com/science/article/pii/S0747563224001705,pending_primary_full_text,
S04,allintitle: blockchain (consent OR permission),1,1,2026-09-30,2024-2026,A survey of Blockchain-based privacy applications: an analysis of consent management and self-sovereign identity approaches,https://arxiv.org/abs/2411.16404,same_manuscript_not_new_study,
S04,allintitle: blockchain (consent OR permission),2,1,2026-09-30,2024-2026,Blockchain-based dynamic consent and its applications for patient-centric research and health information sharing: protocol for an integrative review,https://www.researchprotocols.org/2024/1/e50339,review_protocol_not_application,
S04,allintitle: blockchain (consent OR permission),3,1,2026-09-30,2024-2026,Enabling demonstrated consent for biobanking with blockchain and generative AI,https://www.tandfonline.com/doi/abs/10.1080/15265161.2024.2416117,retained_after_primary_text_check,updateBarnes2025DemonstratedConsent
S04,allintitle: blockchain (consent OR permission),4,1,2026-09-30,2024-2026,A blockchain-based hybrid architecture for auditable consent management,https://ieeexplore.ieee.org/abstract/document/10604861/,retained_after_primary_text_check,updateCan2024AuditableConsent
S04,allintitle: blockchain (consent OR permission),5,1,2026-09-30,2024-2026,Blockchain-Based Dynamic and Revocable Consent for Secondary Health Data Use: Systematic Review,https://medinform.jmir.org/2026/1/e88536/,related_work_review,
S04,allintitle: blockchain (consent OR permission),6,1,2026-09-30,2024-2026,Smart patient consent management model for health information exchange based on blockchain technology,https://www.researchgate.net/profile/Rajakumar-Ps-2/publication/381867868_Smart_Patient_Consent_Management_Model_for_Health_Information_Exchange_Based_on_Blockchain_Technology/links/67ff5344ded43315572a35d3/Smart-Patient-Consent-Management-Model-for-Health-Information-Exchange-Based-on-Blockchain-Technology.pdf,retained_after_primary_text_check,updateRohini2024SmartConsent
S04,allintitle: blockchain (consent OR permission),7,1,2026-09-30,2024-2026,A consent-aware electronic medical records sharing method based on blockchain,https://www.sciencedirect.com/science/article/pii/S0920548924000710,pending_primary_full_text,
S04,allintitle: blockchain (consent OR permission),8,1,2026-09-30,2024-2026,Secure blockchain-based tracking storage and permission verification of electronic health records,https://livrepository.liverpool.ac.uk/3198160/,review_not_primary_application,
S04,allintitle: blockchain (consent OR permission),9,1,2026-09-30,2024-2026,Blockchain-integrated deep learning for secure health data sharing and consent management,https://ieeexplore.ieee.org/abstract/document/10696868/,pending_primary_full_text,
S04,allintitle: blockchain (consent OR permission),10,1,2026-09-30,2024-2026,Secureconsent: a blockchain-based dynamic and secure consent management for genomic data sharing,https://ieeexplore.ieee.org/abstract/document/10577693/,retained_after_primary_text_check,updateJaved2024SecureConsent
S04,allintitle: blockchain (consent OR permission),11,2,2026-09-30,2024-2026,Enabling dynamic consent through AI and blockchain: the consent platform,https://journals.sagepub.com/doi/pdf/10.3233/SHTI332,retained_after_primary_text_check,updateBonotis2025CONSENT
S04,allintitle: blockchain (consent OR permission),12,2,2026-09-30,2024-2026,Design and Develop the Business Process Model for Open Access Copyright Management System Using Permission Less Blockchain.,https://www.researchgate.net/profile/Sandeep-Panda-9/publication/390226711_Design_and_Develop_the_Business_Process_Model_for_Open_Access_Copyright_Management_System_Using_Permission_Less_Blockchain/links/684fc5b87869fe75c55960fa/Design-and-Develop-the-Business-Process-Model-for-Open-Access-Copyright-Management-System-Using-Permission-Less-Blockchain.pdf,excluded_out_of_scope_copyright_business_process,
S04,allintitle: blockchain (consent OR permission),13,2,2026-09-30,2024-2026,Trust Through Transparency: Blockchain for Consent and Accountability in Femtech Applications,https://dl.acm.org/doi/abs/10.1145/3748699.3749771,retained_after_primary_text_check,updateTomaz2025PrivacHer
S04,allintitle: blockchain (consent OR permission),14,2,2026-09-30,2024-2026,Design and architectural implementation of consortium blockchain based framework for open banking customer consent and data handling,https://link.springer.com/article/10.1007/s42979-023-02593-4,pending_primary_full_text,
S04,allintitle: blockchain (consent OR permission),15,2,2026-09-30,2024-2026,Blockchain-enabled consent management in fhir-compliant oncology platforms,https://www.techrxiv.org/doi/abs/10.36227/techrxiv.174918103.37396756/v2,retained_after_primary_text_check,updateOke2025FHIRConsent
S04,allintitle: blockchain (consent OR permission),16,2,2026-09-30,2024-2026,A Verifiable and Redactable Blockchain with Lightweight Storage and Permission Supervision,https://www.mdpi.com/2078-2489/17/2/176,retained_after_primary_text_check,updateMiao2026PermissionSupervision
S04,allintitle: blockchain (consent OR permission),17,2,2026-09-30,2024-2026,Data consent management: A blockchain solution for user empowerment and trust,https://ieeexplore.ieee.org/abstract/document/10702050/,pending_primary_full_text,
S04,allintitle: blockchain (consent OR permission),18,2,2026-09-30,2024-2026,Empowering genomic data sharing in healthcare: a blockchain-driven decentralized consent model,https://ieeexplore.ieee.org/abstract/document/10714793/,pending_primary_full_text,
S04,allintitle: blockchain (consent OR permission),19,2,2026-09-30,2024-2026,A consent-based medical data sharing and edge offloading scheme based on blockchain and deep reinforcement learning,https://link.springer.com/article/10.1007/s10791-026-10392-7,retained_after_primary_text_check,updateCh2026ConsentOffloading
S04,allintitle: blockchain (consent OR permission),20,2,2026-09-30,2024-2026,Blockchain-Enhanced User Consent for GDPR-Compliant Real-Time Bidding,https://link.springer.com/chapter/10.1007/978-3-031-96590-6_8,retained_after_primary_text_check,updateDauden2025RTBConsent
S04,allintitle: blockchain (consent OR permission),21,3,2026-09-30,2024-2026,… -sovereign identity for verifiable authorship consent and privacy-preserving conflict-of-interest screening in academic publishing: a permissioned blockchain …,https://www.frontiersin.org/journals/blockchain/articles/10.3389/fbloc.2025.1730645/full,retained_after_primary_text_check,updateAlSabahi2026AuthorshipConsent
S04,allintitle: blockchain (consent OR permission),22,3,2026-09-30,2024-2026,Zero-Knowledge Consent: Auditable and Private Data Permission Management via Blockchain,https://ieeexplore.ieee.org/abstract/document/11500252/,pending_primary_full_text,
S04,allintitle: blockchain (consent OR permission),23,3,2026-09-30,2024-2026,ClinConNet: A Blockchain-based Dynamic Consent Management Platform for Clinical Research,https://arxiv.org/abs/2602.02610,retained_after_primary_text_check,updateNaghmouchi2026ClinConNet
S04,allintitle: blockchain (consent OR permission),24,3,2026-09-30,2024-2026,Conceptualising Blockchain-Based Consent Management in Multi-Provider Healthcare Environment,https://www.academia.edu/download/125925286/Conceptualising_Blockchain_Based_Consent_Managemen.pdf,retained_after_primary_text_check,updateObodo2025MultiProviderConsent
S04,allintitle: blockchain (consent OR permission),25,3,2026-09-30,2024-2026,Blockchain Integration for Trust and Consent Management in MCP-Enabled FHIR Systems,https://ieeexplore.ieee.org/abstract/document/11466653/,pending_primary_full_text,
S04,allintitle: blockchain (consent OR permission),26,3,2026-09-30,2024-2026,A Blockchain-Based Architecture for Dynamic and Auditable Patient Consent in Secondary Use of Health Data,https://pmc.ncbi.nlm.nih.gov/articles/PMC13378124/,retained_after_primary_text_check,updatePhuyal2026Architecture
S04,allintitle: blockchain (consent OR permission),27,3,2026-09-30,2024-2026,Redactable blockchain with anonymity and multi-permission for instructional management,https://www.sciencedirect.com/science/article/pii/S2096720924000605,pending_primary_full_text,
S04,allintitle: blockchain (consent OR permission),28,3,2026-09-30,2024-2026,Scalable Blockchain-Based Healthcare Consent Management with Automated Compliance Verification,https://ieeexplore.ieee.org/abstract/document/11645218/,retained_after_primary_text_check,updateGupta2026ScalableConsent
S04,allintitle: blockchain (consent OR permission),29,3,2026-09-30,2024-2026,Decentralized and Permission-Aware Blockchain for Certificate Security: An Exploratory Analysis,https://ieeexplore.ieee.org/abstract/document/10625663/,pending_primary_full_text,
S04,allintitle: blockchain (consent OR permission),30,3,2026-09-30,2024-2026,DualCare: A Blockchain Framework for Secure Medical Data Sharing with Dual Consent,https://ieeexplore.ieee.org/abstract/document/11575533/,pending_primary_full_text,
S07,allintitle: blockchain (decentralized OR self-sovereign) identity,1,1,2026-09-30,2024-2026,Blockchain aware decentralized identity management and access control system,https://www.sciencedirect.com/science/article/pii/S2665917424000084,retained_after_primary_text_check,updateAgarkar2024BADIMAC
S07,allintitle: blockchain (decentralized OR self-sovereign) identity,2,1,2026-09-30,2024-2026,Self-sovereign identity on the blockchain: Contextual analysis and quantification of SSI principles implementation,https://www.frontiersin.org/journals/blockchain/articles/10.3389/fbloc.2024.1443362/full,review_not_primary_application,
S07,allintitle: blockchain (decentralized OR self-sovereign) identity,3,1,2026-09-30,2024-2026,Blockchain-based self-sovereign identity: Taking control of identity in federated learning,https://ieeexplore.ieee.org/abstract/document/10646364/,retained_after_primary_text_check,updateZeydan2024SSI
S07,allintitle: blockchain (decentralized OR self-sovereign) identity,4,1,2026-09-30,2024-2026,Blockchain-based self-sovereign identity management mechanism in AIoT environments,https://www.mdpi.com/2079-9292/14/19/3954,retained_after_primary_text_check,updateRen2025AIoTIdentity
S07,allintitle: blockchain (decentralized OR self-sovereign) identity,5,1,2026-09-30,2024-2026,Blockchain-based self-sovereign identity solution for aerial base station integrated networks,https://www.sciencedirect.com/science/article/pii/S2214209624000342,retained_after_primary_text_check,updateZeydan2024ABSIdentity
S07,allintitle: blockchain (decentralized OR self-sovereign) identity,6,1,2026-09-30,2024-2026,SS-DID: A secure and scalable Web3 decentralized identity utilizing multilayer sharding blockchain,https://ieeexplore.ieee.org/abstract/document/10477491/,pending_primary_full_text,
S07,allintitle: blockchain (decentralized OR self-sovereign) identity,7,1,2026-09-30,2024-2026,Decentralized identity management for Internet of Things (IoT) devices using IOTA blockchain technology,https://www.mdpi.com/1999-5903/17/1/49,retained_after_primary_text_check,updateRamirez2025IOTAIdentity
S07,allintitle: blockchain (decentralized OR self-sovereign) identity,8,1,2026-09-30,2024-2026,Securing and ensuring the confidentiality of medical data in the era of decentralized technologies: A blockchain and self-sovereign identity-based approach,https://link.springer.com/article/10.1007/s10922-025-09960-x,pending_primary_full_text,
S07,allintitle: blockchain (decentralized OR self-sovereign) identity,9,1,2026-09-30,2024-2026,Blockchain-driven decentralized identity management: An interdisciplinary review and research agenda,https://www.sciencedirect.com/science/article/pii/S0378720624001083,review_candidate_for_positioning,
S07,allintitle: blockchain (decentralized OR self-sovereign) identity,10,1,2026-09-30,2024-2026,A review on the role of blockchain technology for decentralized identity management: a future without passwords,https://ieeexplore.ieee.org/iel8/10932974/10932982/10933271.pdf,review_not_primary_application,
