citation_key,verified_title,year,source_type,matching_query_family,retrieval_record,decision,reason
updateMasood2024Patient,A blockchain-based system for patient data privacy and security,2024,journal,S01,S01 rank 1,include,Primary evidence checked by platform subagent
updateCan2024AuditableConsent,A Blockchain-Based Hybrid Architecture for Auditable Consent Management,2024,journal,S04,S04 rank 4,include,Published article methods read
updateJaved2024SecureConsent,SecureConsent: A Blockchain-Based Dynamic and Secure Consent Management for Genomic Data Sharing,2024,conference,S04,S04 rank 10,include,Author-provided full methods read
updatePhuyal2026Architecture,A Blockchain-Based Architecture for Dynamic and Auditable Patient Consent in Secondary Use of Health Data,2026,journal,S04,S04 rank 26,include,PMC primary full methods read; conceptual artifact
updateZeydan2024SSI,Blockchain-Based Self-Sovereign Identity: Taking Control of Identity in Federated Learning,2024,journal,S07,S07 rank 3,include,Primary evidence checked by platform subagent
updatePham2024Consent,Distributed management of patient data-sharing informed consents for clinical research,2024,journal,,exploratory web discovery,exclude_from_primary_update,Blockchain absent from title
updateFang2024RevocableSSI,Privacy-enhanced distributed revocable identity management scheme based self-sovereign identity,2024,journal,,exploratory web discovery,exclude_from_primary_update,Blockchain absent from title
updateRamic2024BLSMTZKP,BLS-MT-ZKP: A novel approach to selective disclosure of claims from digital credentials,2024,journal,,exploratory web discovery,exclude_from_primary_update,Blockchain absent from title
updateBuldini2025CSDJWT,Compact and Selective Disclosure for Verifiable Credentials,2025,conference,,exploratory web discovery,exclude_from_primary_update,Blockchain absent from title
updateOnofri2026CODSSI,COD-ssi: Enforcing Mutual Privacy for Credential Oblivious Disclosure in Self Sovereign Identity,2026,preprint,,exploratory web discovery,exclude_from_primary_update,Blockchain absent from title
updateAgarkar2024BADIMAC,Blockchain aware decentralized identity management and access control system,2024,journal,S07,S07 rank 1,include,"Published primary full text checked; descriptive proposal, unestablished ZKP and erasure claims qualified"
updateMaZhang2024Rollup,Integrating blockchain and ZK-ROLLUP for efficient healthcare data privacy protection system via IPFS,2024,journal,S01,S01 rank 5,include,Reappraised using the same descriptive extraction criterion; unestablished guarantees and evaluation limits retained
updateDhasaratha2024IoMT,Data privacy model using blockchain reinforcement federated learning approach for scalable internet of medical things,2024,journal,S01,S01 rank 6,include,Reappraised using the same descriptive extraction criterion; unestablished guarantees and evaluation limits retained
updateHussain2025ZeroTrust,Ensuring Zero Trust IoT Data Privacy: Differential Privacy in Blockchain Using Federated Learning,2025,Journal application proposal,S01,S01 rank9 page1,include,Verified title/date/version and an identifiable proposed application or permission/identity workflow support descriptive extraction under the existing criteria. Evaluation strength is appraised separately.
updateBarnes2025DemonstratedConsent,Enabling Demonstrated Consent for Biobanking with Blockchain and Generative AI,2025,Commentary containing an original proposed application workflow,S04,S04 rank3 page1,include,Verified title/date/version and an identifiable proposed application or permission/identity workflow support descriptive extraction under the existing criteria. Evaluation strength is appraised separately.
updateRohini2024SmartConsent,Smart Patient Consent Management Model for Health Information Exchange Based on Blockchain Technology,2024,Journal application proposal,S04,S04 rank6 page1,include,Verified title/date/version and an identifiable proposed application or permission/identity workflow support descriptive extraction under the existing criteria. Evaluation strength is appraised separately.
updateBonotis2025CONSENT,Enabling Dynamic Consent Through AI and Blockchain: The CONSENT Platform,2025,Conference architecture proposal,S04,S04 rank11 page2,include,Verified title/date/version and an identifiable proposed application or permission/identity workflow support descriptive extraction under the existing criteria. Evaluation strength is appraised separately.
updateTomaz2025PrivacHer,Trust Through Transparency: Blockchain for Consent and Accountability in Femtech Applications,2025,Conference application/prototype,S04,S04 rank13 page2,include,Verified title/date/version and an identifiable proposed application or permission/identity workflow support descriptive extraction under the existing criteria. Evaluation strength is appraised separately.
updateOke2025FHIRConsent,Blockchain-Enabled Consent Management in FHIR-Compliant Oncology Platforms,2025,Preprint architecture proposal,S04,S04 rank15 page2,include,Verified title/date/version and an identifiable proposed application or permission/identity workflow support descriptive extraction under the existing criteria. Evaluation strength is appraised separately.
updateMiao2026PermissionSupervision,A Verifiable and Redactable Blockchain with Lightweight Storage and Permission Supervision,2026,Journal permission-management mechanism,S04,S04 rank16 page2,include,Verified title/date/version and an identifiable proposed application or permission/identity workflow support descriptive extraction under the existing criteria. Evaluation strength is appraised separately.
updateCh2026ConsentOffloading,A consent-based medical data sharing and edge offloading scheme based on blockchain and deep reinforcement learning,2026,Journal application/prototype,S04,S04 rank19 page2,include,Verified title/date/version and an identifiable proposed application or permission/identity workflow support descriptive extraction under the existing criteria. Evaluation strength is appraised separately.
updateDauden2025RTBConsent,Blockchain-Enhanced User Consent for GDPR-Compliant Real-Time Bidding,2025,Conference architecture proposal,S04,S04 rank20 page2,include,Verified title/date/version and an identifiable proposed application or permission/identity workflow support descriptive extraction under the existing criteria. Evaluation strength is appraised separately.
updateAlSabahi2026AuthorshipConsent,Self-sovereign identity for verifiable authorship consent and privacy-preserving conflict-of-interest screening in academic publishing: a permissioned blockchain registry approach,2026,Journal application design,S04,S04 rank21 page3,include,Verified title/date/version and an identifiable proposed application or permission/identity workflow support descriptive extraction under the existing criteria. Evaluation strength is appraised separately.
updateNaghmouchi2026ClinConNet,ClinConNet: A Blockchain-Based Dynamic Consent Management Platform for Clinical Research,2026,Preprint application/prototype,S04,S04 rank23 page3,include,Verified title/date/version and an identifiable proposed application or permission/identity workflow support descriptive extraction under the existing criteria. Evaluation strength is appraised separately.
updateObodo2025MultiProviderConsent,Conceptualising Blockchain-Based Consent Management in Multi-Provider Healthcare Environment,2025,Journal conceptual application proposal,S04,S04 rank24 page3,include,Verified title/date/version and an identifiable proposed application or permission/identity workflow support descriptive extraction under the existing criteria. Evaluation strength is appraised separately.
updateGupta2026ScalableConsent,Scalable Blockchain-Based Healthcare Consent Management with Automated Compliance Verification,2026,Conference application/prototype,S04,S04 rank28 page3,include,Verified title/date/version and an identifiable proposed application or permission/identity workflow support descriptive extraction under the existing criteria. Evaluation strength is appraised separately.
updateRen2025AIoTIdentity,Blockchain-Based Self-Sovereign Identity Management Mechanism in AIoT Environments,2025,Journal identity/permission mechanism,S07,S07 rank4 page1,include,Verified title/date/version and an identifiable proposed application or permission/identity workflow support descriptive extraction under the existing criteria. Evaluation strength is appraised separately.
updateZeydan2024ABSIdentity,Blockchain-based self-sovereign identity solution for aerial base station integrated networks,2024,Journal identity-sharing application,S07,S07 rank5 page1,include,Verified title/date/version and an identifiable proposed application or permission/identity workflow support descriptive extraction under the existing criteria. Evaluation strength is appraised separately.
updateRamirez2025IOTAIdentity,Decentralized Identity Management for Internet of Things (IoT) Devices Using IOTA Blockchain Technology,2025,Journal identity-sharing prototype,S07,S07 rank7 page1,include,Verified title/date/version and an identifiable proposed application or permission/identity workflow support descriptive extraction under the existing criteria. Evaluation strength is appraised separately.
updateGuan2025Healthcare,Blockchain-Enhanced Data Privacy Preservation and Secure Sharing Scheme for Healthcare IoT,2025,Article,S01,S01 rank7 page1,include,"Primary workflow, source version and date checked. Descriptive inclusion does not endorse every security or compliance claim."
updateGupta2024LungFL,A blockchain-empowered federated learning-based framework for data privacy in lung disease detection system,2024,Article,S01,S01 rank10 page1,include,"Primary workflow, source version and date checked. Descriptive inclusion does not endorse every security or compliance claim."
updateGhosh2024Banking,Design and Architectural Implementation of Consortium Blockchain Based Framework for Open Banking Customer Consent and Data Handling,2024,Article,S04,S04 rank14 page2,include,"Primary workflow, source version and date checked. Descriptive inclusion does not endorse every security or compliance claim."
updateQu2025ConsentEMR,A consent-aware electronic medical records sharing method based on blockchain,2025,Article,S04,S04 rank7 page1,include,"Primary workflow, source version and date checked. Descriptive inclusion does not endorse every security or compliance claim."
updateRao2024Genomic,Empowering Genomic Data Sharing in Healthcare: A Blockchain-Driven Decentralized Consent Model,2024,Conference paper,S04,S04 rank18 page2,include,"Primary workflow, source version and date checked. Descriptive inclusion does not endorse every security or compliance claim."
updateScaramuzza2026ZKConsent,Zero-Knowledge Consent: Auditable and Private Data Permission Management via Blockchain,2026,Conference paper,S04,S04 rank22 page3,include,"Primary workflow, source version and date checked. Descriptive inclusion does not endorse every security or compliance claim."
updateFerreira2025MCPFHIR,Blockchain Integration for Trust and Consent Management in MCP-Enabled FHIR Systems,2025,Conference paper,S04,S04 rank25 page3,include,"Primary workflow, source version and date checked. Descriptive inclusion does not endorse every security or compliance claim."
updateAyala2024DataConsent,Data Consent Management: A Blockchain Solution for User Empowerment and Trust,2024,Conference paper,S04,S04 rank17 page2,include,"Primary workflow, source version and date checked. Descriptive inclusion does not endorse every security or compliance claim."
updateDeepthika2024ConsentLSTM,Blockchain-Integrated Deep Learning for Secure Health Data Sharing and Consent Management,2024,Conference paper,S04,S04 rank9 page1,include,"Primary workflow, source version and date checked. Descriptive inclusion does not endorse every security or compliance claim."
updateGupta2024CertificatePermission,Decentralized and Permission-Aware Blockchain for Certificate Security: An Exploratory Analysis,2024,Conference paper,S04,S04 rank29 page3,include,"Primary workflow, source version and date checked. Descriptive inclusion does not endorse every security or compliance claim."
updateHemlata2026DualCare,DualCare: A Blockchain Framework for Secure Medical Data Sharing with Dual Consent,2026,Conference paper,S04,S04 rank30 page3,include,"Primary workflow, source version and date checked. Descriptive inclusion does not endorse every security or compliance claim."
updateLu2025RedactableEducation,Redactable blockchain with anonymity and multi-permission for instructional management,2025,Article,S04,S04 rank27 page3,include,"Primary workflow, source version and date checked. Descriptive inclusion does not endorse every security or compliance claim."
updateLiu2024SSDID,SS-DID: A Secure and Scalable Web3 Decentralized Identity Utilizing Multilayer Sharding Blockchain,2024,Article,S07,S07 rank6 page1,include,"Primary workflow, source version and date checked. Descriptive inclusion does not endorse every security or compliance claim."
updateSeidi2025HealthcareSSI,Securing and Ensuring the Confidentiality of Medical Data in the Era of Decentralized Technologies: A Blockchain and Self-Sovereign Identity-Based Approach,2025,Article,S07,S07 rank8 page1,include,"Primary workflow, source version and date checked. Descriptive inclusion does not endorse every security or compliance claim."
