matrix_id,citation_key,collection_role,source_url,source_version,source_location,verification_status,primary_artifact_sha256,operation,actor,control_object,enforcement_point,reported_mechanism,reported_evaluation,evidence_level,trust_assumptions,source_limit,derived_requirement_ids,analytical_implication,counterexample_boundary,checked_on
SM01,updateMasood2024Patient,recent_application,https://www.researchgate.net/publication/377180997_A_blockchain-based_system_for_patient_data_privacy_and_security,Published article author-provided text; Multimedia Tools and Applications 2024; DOI 10.1007/s11042-023-17941-y,4.3 Experimental setup; 4.4 Hyberledger business archive network; Table 6; 5 Discussion,primary_fulltext_verified,not_archived,Upload/access/update/transfer patient records,Patient; administrator; medical entity; hospital repository,Patient records and ACL rights,Composer ACL and hospital off-chain storage,Composer ACL workflow with key-wrapping pseudocode,Reported Composer workflow and PoW/storage calculations,design_and_reported_workflow,Administrator registers identities; hospital holds off-chain records; precise key-distribution boundary unspecified,PoW calculations do not establish Fabric performance; integrated cryptographic enforcement not independently demonstrated,G1;G2;G3,Identify enrollment authority separately from permission and key custody.,A registered identity may still lack permission for a specified record.,2026-10-01
SM02,updateCan2024AuditableConsent,recent_application,https://www.researchgate.net/publication/382418870_A_Blockchain-Based_Hybrid_Architecture_for_Auditable_Consent_Management,Published IEEE Access 12:100419–100445; header current version 29 July 2024,IV.B purpose-tree access (p.100425); VI audit flows/Figs.13–14; VII.A–D results (pp.100434 onward),primary_fulltext_verified,not_archived,Query consented records and audit consent reads,Data subject; requester; off-chain service; audit component,Allowed/prohibited purposes and on/off-chain consent hashes,Purpose-tree query and hash/log audit component,Purpose-based request matching and Merkle/hash consistency checks,Synthetic-data prototype; query and audit benchmarks,prototype_and_reported_measurements,Off-chain service must expose the relevant records/events to auditing,Audit agreement covers observed records; subsequent recipient processing and omitted events are not established,G2;G5,State the permission used at release and which event population the auditor can inspect.,Matching hashes can coexist with a downstream action absent from the audited log.,2026-10-01
SM03,updateJaved2024SecureConsent,recent_application,https://www.researchgate.net/publication/382033079_SecureConsent_A_Blockchain-Based_Dynamic_and_Secure_Consent_Management_for_Genomic_Data_Sharing,Author-provided conference paper; SmartNets 2024 pp.1–7; DOI 10.1109/SmartNets61466.2024.10577693,III.B Steps 5–9 and JWT fields; IV.A–B evaluation; V Conclusion,primary_fulltext_verified,not_archived,Grant/revoke genomic repository access,Data owner; requester; data custodian,JWT binds owner/requester/data identifier/access link/expiry,"Custodian verifies signature, revocation state and permission before granting repository access","Signed JWT, contract state and public ledger anchoring",Four-node Besu22.4/IBFT transaction benchmark using Caliper0.4.2,design_and_transaction_measurements,Recipient trust is acknowledged; custodian must consult applicable state,No measured withdrawal-to-repository rejection interval; privacy during recipient genomic processing remains future work,G2;G3;G6,Evaluate token-state freshness at use separately from ledger transaction latency.,A transaction benchmark does not test an old token presented after withdrawal.,2026-10-01
SM04,updatePhuyal2026Architecture,recent_application,https://pmc.ncbi.nlm.nih.gov/articles/PMC13378124/,"Published Blockchain in Healthcare Today 9(1), 28 April 2026; PMC13378124 BioC text",Study Design; Evaluation Criteria and Assumptions; Scope of Revocation; Institutional Trust Assumptions,primary_fulltext_verified,171510e89f3597c9ab1b68272cea98cc9cbffa55ff56a3944842e38bb375e2a0,Grant/delegate/withdraw secondary-use permission,Patient wallet; institution; requester; access gateway,FHIR consent purpose/duration/scope and DID/VC evidence,Institutional gateway checks current consent state; audit references on chain,DID/VC wallet with FHIR consent metadata and off-chain records,Conceptual consistency/threat/standards analysis; no empirical deployment,conceptual_architecture,Trusted institutional repositories and gateways enforce decisions,Withdrawal limits future gateway access; previously derived analysis/models cannot simply be recalled,G1;G2;G5;G6,Specify the institutional responsibility and current-state check in the release path.,Withdrawn permission and a still-valid credential are distinct conditions.,2026-10-01
SM05,updateZeydan2024SSI,recent_application,https://www.researchgate.net/publication/383295952_Blockchain-based_Self-Sovereign_Identity_Taking_Control_of_Identity_in_Federated_Learning,Author-provided 16-page IEEE OJCOMS article text; DOI 10.1109/OJCOMS.2024.3449692,IV Registration/Authentication; V Security Verification; VI.A Table 2; VII.B Potential Privacy Implications,primary_fulltext_verified,not_archived,Authenticate vehicular FL participants and present/revoke credentials,Issuer; FL client; aggregation server,Authentication transcripts and credential status,SSI verifier and authentication protocol,Indy credentials and ECC-based authentication,Credential-operation timings for 20/30/50 clients; authentication analysis,prototype_and_reported_measurements,Issuer trust and registry/service availability remain relevant,"DP, secure aggregation and MPC are discussed as extensions; authentication does not itself establish model-update confidentiality",G1;G6;G7,Evaluate participant legitimacy separately from information revealed by learning outputs.,An authenticated client can participate in a workflow with unexamined output inference.,2026-10-01
SM06,updateAgarkar2024BADIMAC,recent_application,https://www.researchgate.net/publication/377479323_Blockchain_aware_decentralized_identity_management_and_access_control_system,Published author-provided text; Measurement:Sensors31:101032; online17 January2024,3.2.1 Identity Management; 3.2.2 Single sign-on; 4.1 Smart contract/Figs.5–7; 4.2 JWT design; 5 Discussion,primary_fulltext_verified,not_archived,Approve identity-document disclosure and authenticate to a service,Identity owner; issuer; verifier; service/identity provider,"Encrypted documents, approval events and service JWT",Owner approves disclosure; service checks signed challenge/JWT,Document decryption/re-encryption with holder approval; events expose owner/issuer/verifier addresses,Design and contract excerpts; no empirical benchmark identified,design_description_and_contract_excerpts,Owner key custody and service-side authentication are assumed,Announced ZKP construction and retroactive erasure are not established,G1;G3;G5,Assess interaction metadata independently of encrypted document contents and holder approval.,An approved encrypted disclosure may still expose the owner–verifier relationship.,2026-10-01
SM07,updateMaZhang2024Rollup,recent_application,https://www.nature.com/articles/s41598-024-62292-9,Publisher full text; Scientific Reports14:11746;23 May2024,Proposed model/Overview/Data flow and process/Figs.2–4; Performance evaluation/Fig.8 paragraph; Data availability,primary_fulltext_verified,4980c8e5c21ca4048c8b5601c9ab3b8a24ae8867bce54a54ceb4b37b72463b56,Store and batch transactions referencing health records,Medical-data uploader; IPFS; Ethereum rollup components,RSA-protected records and batch validity references,Proposed RSA/IPFS and rollup workflow,Proposed RSA encryption and batched validity-proof references,Reported response/gas comparisons; configuration incomplete,descriptive_proposal_with_incomplete_evaluation,Proof relation and deployment assumptions require specification,Batch-submission API is fictional; inconsistent gas units and unspecified privacy relation prevent reproducible gain inference,G3;G4,Name the statement verified separately from the values hidden.,A valid batch reference alone does not establish confidential processing.,2026-10-01
SM08,updateDhasaratha2024IoMT,recent_application,https://ietresearch.onlinelibrary.wiley.com/doi/full/10.1049/cit2.12287,"Publisher Early View, first published6 February2024; prior full-text extraction retained",Existing extraction: §3 Distributed Reinforcement Learning Approach; §5 Result Analysis/Tables2–6; §6 Limitation; current retry only abstract/header,retained_extraction_not_reverified,not_archived,Coordinate distributed reinforcement/federated IoMT learning,IoMT devices; learning/resource coordination components,Resource/service identifiers and learning data,Not specified as a verified confidentiality boundary,Existing extraction describes blockchain-assisted resource identification and learning coordination,Existing extraction records unnamed RL benchmark and prevention percentages without operational definitions,retained_descriptive_extraction,Confidentiality construction and role-specific adversary model not established in retained extraction,Full text access failed this pass; no new primary inference is made from the current abstract,G4;G7,Do not infer data confidentiality from coordination or benchmark labels.,Coordination can function while the protected information and adversary remain unspecified.,2026-10-01
SM09,2015-decentralizing-privacy,historical_application,https://web.media.mit.edu/~guyz/data/ZNP15.pdf,"Author-hosted SPW2015 paper,5 PDF pages; published pp.180–184",III Proposed Solution; IV.A.3 Policy/IV.A.4/Protocols2–4; IV.C Privacy and Security Analysis; PDFpp.2–4,primary_fulltext_verified,2fc23672bd0d906d81b1218e986bfa9728fdb6d568366639a6f24f74ba2d52e2,Read/write encrypted personal data and change service permission,User; application service; ledger/DHT nodes,POLICY user/service and shared-key encrypted records,CheckPolicy and off-chain DHT request,Signed access/data transactions with user-controlled policy and encrypted off-chain storage,Protocol description and security reasoning; no reproduced deployment,design_and_security_argument,Tamper-free chain; secure user keys; service labels data correctly,Service already shares an encryption key; policy changes do not demonstrate recall of service plaintext,G2;G3;G6,Distinguish request-path permission updates from previously acquired decrypting capability.,Changing a read permission cannot erase a copy already obtained.,2026-10-01
SM10,2021-medshare,historical_application,https://scholars.cityu.edu.hk/en/publications/medshare-a-privacy-preserving-medical-data-sharing-system-by-usin/,Published TSC16(1):438–451(2023); institutional postprint identified,Publisher/institutional Abstract; detailed security/algorithm/evaluation section locators not_verified,primary_preview_only,not_archived,Search and access encrypted EHR,Healthcare center; authorized search/access user,"Search queries, encrypted EHR and attribute policy",Publisher abstract places ABE policy in search result,Constant-size ABE and multi-keyword Boolean encrypted search reported in abstract,Abstract reports formal analysis and Ethereum prototype; experiment details not_verified,primary_abstract_description,Detailed trust assumptions not_verified,PDF retrieval403; no new algorithm-level or evaluation inference,G2;G3,Treat searchable access and plaintext recovery as separate controls; verify exact implementation before stronger claims.,A search result can be returned without granting the requester a decrypting key.,2026-10-01
SM11,2021-sp-chain,historical_application,https://arxiv.org/pdf/2009.09957,"Author arXiv manuscript2009.09957 retrieved1 October2026,40PDFpages; linked journalDOI10.1016/j.ipm.2021.102604",3.2 PRE (PDFp.9); 5 Construction/Share and retrieval (PDFp.26); 6.1–6.2 (PDFpp.27–31),primary_fulltext_verified,6de57931ecc62aa7bfd2bf9ac0fd007b6ea203df4d2b95d9946315f58d1b697e,Share patient EMR by transforming ciphertext for a recipient,Patient; originating medical institution; receiving institution,Patient-generated re-encryption key and recipient ciphertext,PRE.ReKeyGen at patient; PRE.ReEnc at originating institution; PRE.Dec2 at recipient,Patient authorizes recipient transformation; reputation-based requests also described,Single-desktop network/simulation; sharing/retrieval and ledger costs reported,design_and_reported_simulation,PRE defines a semi-honest proxy; receiving institution acquires plaintext,Metrics do not measure end-to-end withdrawal or recalled plaintext,G2;G3;G6,Identify every holder of re-encryption/decryption capability and what permission changes affect.,A recipient can retain plaintext after an authorized PRE disclosure.,2026-10-01
SM12,10.1016/j.hcc.2022.100084,historical_application,https://www.sciencedirect.com/science/article/am/pii/S2667295222000368,Publisher open-access indexed full text; High-Confidence Computing2(4):100084(2022),§1 contribution mechanisms; §4 ReKeyGen; §5 DDSC/DSC/ASC; §7.1 Parameter settings and platform,primary_indexed_sections_verified,not_archived,Delegate EHR access over multiple hops,Patient; delegator/delegatee; KGC; smart contracts,"Delegation depth, attribute policy, symmetric-key wrapping and re-encryption key",DDSC limits depth; DSC converts ciphertext; ASC checks delegation records,CP-ABE protects symmetric key; PRE transforms ciphertext while retaining policy,Java/JPBC primitives and Ethereum/Ganache smart-contract evaluation,design_and_reported_local_measurements,KGC generates/distributes private keys; contracts execute specified conversion/supervision,Direct publisher fetch403; cited indexed sections verified; no claim of independently reproduced configuration,G2;G3;G6,Assess delegation authorization separately from retained keys and off-chain information.,Zero remaining delegation depth stops further authorized delegation but does not remove plaintext already known.,2026-10-01
SM13,2018-double-blind,historical_application,https://www.researchgate.net/publication/325213815_Double-Blind_Consent-Driven_Data_Sharing_on_Blockchain,Author-provided IC2E2018 conference paper; DOI10.1109/IC2E.2018.00073,III Design; IV Implementation; V Protocols/Fig.5 Consent Generation and Fig.6 Anonymous AES Key-Sharing,primary_fulltext_verified,not_archived,Consent-driven corporate KYC sharing,Customer portal; customer; banks; regulator peer,Signed customer authorization and confidential bank–customer relationship,Chaincode validates certificates/customer signatures; anonymous AES-key sharing,Customer signatures and transaction certificates with encrypted document/key sharing,HLF implementations described; no reproduced performance or real compliance assessment,design_and_implementation_description,PKI enrollment/bootstrap roots; customer portal and recipient key custody,Protocol authenticity does not establish factual accuracy of KYC documents or blanket regulatory compliance,G1;G2;G3;G5;G8,"Separate consent authenticity, document disclosure and relationship visibility.",A correctly signed consent can refer to an inaccurate underlying document.,2026-10-01
SM14,2022-a-ssi-idm-bc,historical_application,https://www.researchgate.net/publication/355030764_A_Self-Sovereign_Identity_Management_System_Using_Blockchain,Author-provided Springer e.Proofing manuscript dated7 December2021; published chapter2022 pp.371–379,§3.1 Overview/Interaction with authority and verifier; §3.2 Key Generation; §3.3/Table2 System Implementation Details,primary_fulltext_verified,not_archived,Issue identity evidence and present attributes,User; authority; verifier,Encrypted IPFS identity data; on-chain public key/content address,Authority verification at application layer; holder provides demanded attributes,"Issuer signature, encrypted IPFS records and public ledger references",Reported implementation environment and identity-principle comparison; no linkability experiment identified,design_and_reported_implementation_description,Authority verifies input identity data; holder controls keys and presentations,Examined copy is a proof manuscript; content encryption does not establish unlinkability of public references,G1;G3;G5;G8,"Assess issuer trust, holder disclosure and repeated-reference correlation separately.",Encrypted contents can coexist with stable public identity references.,2026-10-01
SM15,2022-towards-ssi-privacy-fl,historical_application,https://link.springer.com/chapter/10.1007/978-981-19-0852-1_19,Publisher chapter2022 pp.243–255; ICBDS2021 proceedings,Publisher Abstract; full algorithm/security/evaluation section locators not_verified,primary_preview_only,not_archived,Authenticate FL devices and learn from distributed data,Edge participant; training module; identity trust triangle,Identity evidence and differentially private learning outputs,Abstract identifies SSI authentication and DP; exact data path not_verified,Publisher abstract reports SSI with DP-based FL,Abstract reports accuracy/time complexity; full measurement design not_verified,primary_abstract_description,Full threat/collusion and privacy-composition assumptions not_verified,Abstract cannot establish the implemented confidentiality relation or privacy accounting,G1;G7,Keep participant authentication distinct from formal privacy of released learning results.,Credential validity does not by itself bound privacy loss from training outputs.,2026-10-01
SM16,2021-edge-light-smart-grid,historical_application,https://xujia-njupt.github.io/xujia.github.io/Paper/2021TNSM.pdf,"Author-hosted IEEE TNSM manuscript,14PDFpages; published18(2):1246–1259(2021)",III.A System Model (PDFp.3); V.A key initialization; V.D Data Analysis in Control Center/Eqs.32–34 (PDFpp.8–9); VI–VII,primary_fulltext_verified,8d3f70ad088f7388c7408ec3a9356d7614d0c3a33d1d44d7b59038b9153c3531,Aggregate regional smart-meter measurements,Trusted authority; smart meters; edge servers; control center,Paillier ciphertexts and recoverable area aggregates,Edge aggregation; control-center Paillier decryption,TA distributes parameters/keys; two-layer encrypted aggregation,Theoretical analysis and simulations/computation/communication-cost analysis,design_security_argument_and_reported_simulation,Fully trusted TA; control center holds decryption values; attack model covers specified network attacks,No demonstrated general authorization policy for every computation or output disclosure,G3;G4;G7;G8,Identify who can decrypt which aggregate and evaluate input/source checks separately.,An intact aggregate ciphertext need not establish factual correctness of each physical measurement.,2026-10-01
SM17,2021-homomo-enc-smart-grid,historical_application,https://www.sciencedirect.com/science/article/pii/S0045790621002032,Publisher preview; Computers&ElectricalEngineering93:107209(2021),Abstract; System model snippet; Performance evaluation and security analysis snippet; complete algorithm locators not_verified,primary_preview_only,not_archived,Aggregate power-consumption information,Smart meter; aggregation provider; power center (publisher preview),Smart-meter information and aggregated result,Exact key/release sequence not_verified,Preview describes homomorphic encryption and blockchain/cloud aggregation,Preview reports Java8 cryptographic implementation/comparisons; complete workloads not_verified,primary_preview_description,Full custody/attack assumptions not_verified,No full text verified; do not use preview for a specific revocation or correctness guarantee,G3;G4,"Use only as a descriptive protected-input/aggregate example, not an independently validated control path.",A privacy-preserving aggregation label alone does not specify output-recipient authorization.,2026-10-01
SM18,2021-priv-iot-homo,historical_application,https://pmc.ncbi.nlm.nih.gov/articles/PMC8037281/,"Published Sensors21(7):2452(2021),PMC8037281; fullNCBI BioC text",§4 System Model/Key generation node/Consumer; §5.1 Initialization; §5.6 Data Aggregation; §5.7 Data Aggregated Reading; §§6–7,primary_fulltext_verified,12decf7f46e9f1a2be4604a09a679dd0f1a6b631dfaff312b45d1fbaf1cbb9bc,Group producers by privacy preferences and release a sum,Producer; aggregator; key-generation node; consumer,"Privacy policy, dual-encrypted inputs and group sum",Policy grouping/contract state; aggregator removes outer encryption; consumer decrypts Paillier result,Off-chain semantic policy matching; Paillier aggregation; consumer receives group secret key,Private Ethereum deployment and performance measurements reported,design_and_reported_measurements,Key-generation node is honest-but-curious; §5.6 assumes legal devices provide trusted measurements,That source-data trust assumption is separate from identity/hash verification; no reconstructed-output attack measured,G2;G3;G4;G7;G8,"Separate accepted producer identity, group membership, key custody and truth of data.",A legally registered device can provide an inaccurate reading unless a separate assumption/control rules it out.,2026-10-01
SM19,2020-enhancing-ssi,historical_application,https://doi.org/10.1109/ISNCC49221.2020.9297357,ISNCC2020 bibliographic identity; primary text not retrieved this pass,not_verified: existing manuscript/extraction describes attribute-sensitivity approach,not_verified,not_archived,Identity-attribute disclosure,Identity agent/issuer details not_verified,Attribute sensitivity according to retained manuscript,not_verified,No new mechanism extracted from secondary discovery summaries,not_verified,retained_description_not_reverified,not_verified,Retained historical membership is preserved; not used as sole detailed architectural evidence,G1;G5,Retained thematic example requires primary verification before more detailed derivation.,No empirical counterexample asserted; avoid equating sensitivity labels with unlinkability.,2026-10-01
SM20,2021-did-prevent-secondary,historical_application,https://ledger.pitt.edu/ojs/ledger/article/download/239/218/1282,Publisher version of record; Ledger6(2021):126–151,§4.2 Overview; §4.3.1 Data Sharing/Storage pp.139–140; §5 Implementation/§6 Evaluation pp.142–146,primary_fulltext_verified,cde77104923a77dfff39a9c9dfed417841386f1188f332e70e55a7ee68860fc5,License access to protected genomic data and run encrypted learning,Individual; data issuer; distributor; data manager; consumer,"VC license, expiring access URL and FHE-protected payload",License/credential exchange and data manager/cloud access; FHE operation at consumer,Indy/Aries credentials; AES/FHE; temporary URL; further managed-computation monitoring is proposed,TenSEAL/PyTorch prototype and METABRIC logistic-regression functionality/workflow evaluation,prototype_and_reported_functional_evaluation,Trusted storage manager and license distributor; monitoring environment proposed as further research,Preventing downstream sharing of ciphertexts is not established by temporary URL alone,G1;G2;G3;G4;G6,Locate user control in the credential/access path and name additional service assumptions.,An expired URL does not invalidate ciphertext or key material already downloaded.,2026-10-01
SM21,homenc,context_theory,https://crypto.stanford.edu/craig/craig-thesis.pdf,"Craig Gentry,Stanford PhD thesis2009,209PDFpages",§1.8 applications printedp.21/PDFp.31; §2.1 Homomorphic Encryption Schemes printedp.27/PDFp.37,primary_fulltext_verified,9e7f32f1b8543416fc6c2fcbfedd5d2d69150226b9bbd2cccac57840a5db7b66,Evaluate circuits on ciphertexts,Evaluator; secret-key holder,"Ciphertexts, evaluation material and plaintext result",Evaluate uses public material; Decrypt uses secret key,Public-key homomorphic Evaluate/Decrypt interface,"Formal construction/definitions, not surveyed application measurements",formal_definition,Scheme-specific cryptographic assumptions and secret-key custody,Does not itself implement requester permission or authorized output release,G3;G4,Specify invocation/input-access/output-release controls separately.,Publicly available ciphertext and evaluation material can be processed outside the checked service interface.,2026-10-01
SM22,revision-zerocash,context_protocol,https://zerocash-project.org/media/pdf/zerocash-oakland2014.pdf,IEEE S&P2014 protocol publication; full text not retrieved this pass,not_verified this pass: prior manuscript cites transaction-relation proof,retained_extraction_not_reverified,not_archived,Verify shielded payment relation,Prover; transaction verifier,Payment witness and public transaction relation,zk-SNARK verifier,Existing survey/protocol reference supports relation-specific verification; no new result extracted,No new evaluation extracted this pass,retained_protocol_reference,Setup and proof-system assumptions require exact protocol version,Not used to claim verifiable correctness of arbitrary healthcare or FL computations,G4,Name the verified relation and avoid transferring its guarantee to a different operation.,A proof of one relation does not establish an unstated input-provenance relation.,2026-10-01
SM23,platform-anoncreds,context_specification,https://anoncreds.github.io/anoncreds-spec/,Living project specification accessed1 October2026; version/commit not pinned,Generate Non-Revocation Proofs; AnonCreds Verification with Revocation; Privacy Considerations/Secondary Use/Disclosure,primary_fulltext_verified,not_archived,Present claims/predicates and prove status,Issuer; holder; verifier,Credential proof and requested non-revocation interval,Holder generates proof; verifier checks it against registry state,Anonymous credential proof and registry-based non-revocation,"Specification, not implementation performance/deployment evidence",technical_specification,Issuer statements; method support; registry availability; chosen status interval,Secondary use/disclosure of revealed claims is explicitly outside cryptographic scope,G1;G5;G6,Distinguish current-status proof from recalled disclosed claims and governance of subsequent use.,A non-revoked presentation can reveal data that the verifier retains.,2026-10-01
SM24,platform-status-list2025,context_standard,https://www.w3.org/TR/2025/REC-vc-bitstring-status-list-20250515/,W3C Recommendation15 May2025,§1 Introduction; §6.2 Unnecessary Correlation; §6.3 Verifier Caching; §6.6 Malicious Issuers and Verifiers,primary_fulltext_verified,not_archived,Publish/check credential suspension or revocation,Issuer; verifier; holder,Status-list entry and identifier,Verifier status-list processing,Batched bitstring status publication,"Normative specification/privacy considerations, not measured withdrawal propagation",technical_standard,Issuer/verifier must use mechanism consistently with privacy intention; caching affects freshness,Status information may enable correlation; credential status is not processing consent,G1;G5;G6,Specify status freshness and correlation exposure separately.,Credential can remain valid while consent to a processing operation has been withdrawn.,2026-10-01
SM25,bg-vc-data-model-2,context_standard,https://www.w3.org/TR/2025/REC-vc-data-model-2.0-20250515/,W3C Recommendation15 May2025,§1.1 What is a Verifiable Credential?; §2 verification definition; §5.1 Trust Model; §7.1 Verification,primary_fulltext_verified,not_archived,Verify credential/presentation origin and currency,Issuer; holder/presenter; verifier,Issuer claims and securing mechanism,Verifier checks cryptographic/status/conformance evidence,Tamper-evident claims and independent validation/trust decisions,Normative data model; no experimental result,technical_standard,Verifier trusts issuer for relevant claims; cryptographic verification alone does not assess claim truth,Specification explicitly distinguishes verification from factual truth,G1;G8,Separate authenticated origin from truth or measurement quality.,A credential can verify cryptographically while its asserted fact is false.,2026-10-01
SM26,context-dinur-nissim2003,context_theory,https://systems.cs.columbia.edu/private-systems-class/papers/DinurNissim2003Revealing.pdf,PODS2003 pp.202–210; DOI10.1145/773153.773173,§2 Preliminaries/database privacy model; §3 reconstruction; Theorem3 (PDFp.4),primary_fulltext_verified,48c1a86decf8e5610b43a6f5857a76cb2e07a4ca859eb06baf9ac9a2a676f150,Answer a sequence of subset-sum queries,Statistical-database curator; query adversary,Binary database and sufficiently accurate aggregate answers,Output-answer mechanism,Reconstruction from perturbed subset-sum answers,Formal reconstruction theorem under stated query/error model,formal_result,Adversary/query access and perturbation conditions in theorem,No claim that all surveyed systems admit that query set or meet its attack assumptions,G7,Authorization of each answer does not supply a composition-level inference guarantee.,Overlapping sufficiently accurate answers can reveal source entries under the specified model.,2026-10-01
SM27,context-dwork-roth2014,context_theory,https://www.cis.upenn.edu/~aaroth/Papers/privacybook.pdf,Foundations&TrendsTCS9(3–4):211–487(2014); DOI10.1561/0400000042,§2.3 differential privacy; §3.5 composition; Theorem3.16 printedp.43/PDFp.47; AppendixB,primary_fulltext_verified,599bb0add9a0ec7bf85a6561dbc7619f45403892a19084eb1fe622352ef91ef7,Release multiple differentially private answers,Curator/mechanisms; analyst,Neighboring datasets and privacy parameters,Output mechanism and privacy accounting,DP definition and basic composition bounds,"Formal definitions/theorems, not a survey implementation result",formal_result,Each constituent mechanism satisfies claimed DP under relevant adjacency/model,No DP guarantee inferred from adding noise without verified calibration/accounting,G7,Evaluate output-history privacy separately from encrypted transport and per-request authorization.,Per-answer privacy parameters require accounting for joint releases.,2026-10-01
SM28,context-odrl22,context_standard,https://www.w3.org/TR/2018/REC-odrl-model-20180215/,W3C Recommendation15 February2018,§1.3 Terminology; §2 ODRL Information Model; §2.1 Policy Class,primary_fulltext_verified,not_archived,"Express usage permission, prohibition and duties",Policy assigner; assignee; asset/action parties,"Policy identifier, assets, actions, parties and constraints",Policy expression/evaluation vocabulary; not an application release mechanism,ODRL classes and rule relationships,Normative information model; no surveyed implementation measurement,technical_standard,Profile semantics and actual enforcement behavior require application-specific definition,No claim that surveyed systems implement ODRL or every expressed duty,G2,Identify policy scope separately from the component applying its decision.,A machine-readable permission can exist without a service enforcing it.,2026-10-01
SM29,context-xacml30,context_standard,https://docs.oasis-open.org/xacml/3.0/xacml-3.0-core-spec-os-en.html,OASIS Standard22 January2013,§2 Terminology/PDP and PEP; §3 Models; §7.2 Policy enforcement point,primary_fulltext_verified,not_archived,Evaluate policy and enforce resource access,Policy decision point; policy enforcement point; requester,Authorization decision and accompanying obligations,PEP guards resource and applies PDP decision,Explicit policy-decision/enforcement separation and PEP obligations,Normative architecture and processing model; no surveyed application performance claim,technical_standard,Application PEP must handle decision and obligations according to selected behavior,Does not establish complete mediation or correctness of a reviewed deployment,G2,Check the component applying the policy and its handling of permitted obligations.,A PDP permit response does not by itself establish that access was mediated or its obligations discharged.,2026-10-01
SM30,bg-gdpr-law,context_regulation,https://eur-lex.europa.eu/eli/reg/2016/679/oj/eng,Regulation(EU)2016/679,"Arts.4(11),5(1)(b)–(c),6,7,17,30,58",retained_legal_reference_not_reverified,not_archived,Consent/withdrawal/processing accountability,Controller/processor; data subject; authority,Purpose/scope/lawful processing basis,Organizational and technical implementation required,"Legal requirements distinguish lawful basis, demonstrable consent and withdrawal",Not an application evaluation,law_or_institutional_guidance,Application/jurisdiction and factual processing arrangement must be established,EUR-Lex access challenged this pass; existing exact article mapping retained; no new legal interpretation added,G2;G5;G6,Signed permission is one evidentiary element rather than comprehensive compliance.,A consent record can be authentic without informed/freely given consent.,2026-10-01
SM31,bg-edpb-consent,context_regulation,https://www.edpb.europa.eu/system/files/documents/files/file1/edpb_guidelines_202005_consent_en.pdf,EDPB Guidelines05/2020 v1.1 May2020,§3 Elements of valid consent; §5.1 Demonstrating consent; §5.2 Withdrawal of consent,primary_fulltext_verified,not_archived,Demonstrate and withdraw consent,Controller; data subject,"Affirmative choice, notice and withdrawal",Consent collection/withdrawal process,Interpretation of GDPR consent conditions,Not an application evaluation,law_or_institutional_guidance,Application/jurisdiction and factual processing arrangement must be established,Guidance does not certify any surveyed implementation,G2;G5;G6,Record notice/choice evidence and examine withdrawal interface and enforcement.,A valid signature alone does not establish a free informed choice.,2026-10-01
SM32,bg-lgpd-law,context_regulation,https://www.planalto.gov.br/ccivil_03/_ato2015-2018/2018/lei/l13709.htm,Law13.709/2018 official compiled text accessed1 October2026,Art.5 VI–VII/XII; Art.7; Art.8§5; Art.37; Art.39,primary_fulltext_verified,af643c3e0c33b15a8a2d982b2d9b6867bba19bcd9f037e467522af33540728f6,Control and document personal-data processing,Controller; operator; data subject,Processing decision/instructions/records,Responsible institution and operator workflow,Distinct controller/operator roles; processing record obligations,Not an application evaluation,law_or_institutional_guidance,Application/jurisdiction and factual processing arrangement must be established,Legal context; not regulatory certification or universal requirement to use consent,G1;G2;G5;G6,Map processing responsibilities rather than deriving legal role solely from node membership.,A wallet holder does not remove recipient responsibility for subsequent processing.,2026-10-01
SM33,bg-hhs-privacy,context_regulation,https://www.hhs.gov/hipaa/for-professionals/privacy/laws-regulations/index.html,HHS institutional summary accessed1 October2026,Uses and Disclosures with Individual Authorization; Privacy Practices Notice; Administrative Requirements,primary_fulltext_verified,not_archived,Authorize qualifying health-information disclosures,Covered entity; individual; business associate where applicable,Protected health information and particular authorization,Covered-entity disclosure procedure,Institutional explanation of authorization and other permitted disclosure grounds,Not an application evaluation,law_or_institutional_guidance,Application/jurisdiction and factual processing arrangement must be established,Summary does not certify HIPAA compliance or replace underlying regulatory text,G2;G5;G6,Represent authorization according to applicable legal event and scope.,A HIPAA authorization event cannot be assumed identical to a CCPA opt-out.,2026-10-01
SM34,reg-edpb-blockchain2026,context_regulation,https://www.edpb.europa.eu/system/files/2026-07/edpb_guidelines_202502_blockchain_v2_en.pdf,EDPB Guidelines02/2025 v2.0 adopted7 July2026,§3.3 Roles and responsibilities; §§4.2–4.3; §4.7; §5 Data subject rights,primary_fulltext_verified,e90cc80ef9ba6c26341c85774134f8cc3a7adafc8db4b42697e3529e80786b4c,"Determine responsibilities, minimization and rights handling",Processing-purpose/means decision makers; processors; data subject,"Personal data, linkage and retained blockchain records",Institutional governance and storage/linkage design,Factual responsibility and retained-data/rights assessment,Not an application evaluation,law_or_institutional_guidance,Application/jurisdiction and factual processing arrangement must be established,Documentary guidance is not evidence a surveyed design implements those obligations,G1;G2;G5;G6,Relate each operation to responsible actor and retained identifying evidence.,Deleting an off-chain key alone need not remove identifying ledger linkage.,2026-10-01
SM35,reg-edpb-authorities,context_regulation,https://www.edpb.europa.eu/sme/find-practical-info/data-protection-authority-you_en,EDPB official SME guide accessed1 October2026,Tasks and powers ofDPAs/Investigative powers/Corrective powers (Art.58 links),primary_fulltext_verified,not_archived,Investigate processing and issue corrective orders,Competent national DPA; organization responsible for processing,Information/records/equipment and processing action,Authority request/audit and organizational corrective action,"Explains powers to request information, audit and restrict processing",Not an application evaluation,law_or_institutional_guidance,Application/jurisdiction and factual processing arrangement must be established,Institutional summary; legal powers do not prove technical audit completeness,G1;G5;G6,Define inspectable evidence and actor able to implement a corrective action.,A publicly verifiable hash need not contain information required to examine a disputed release.,2026-10-01
SM36,reg-cnil-blockchain,context_regulation,https://www.cnil.fr/fr/node/1277,CNIL blockchain/GDPR advice29 October2018; local text preserved,Which points require particular attention?; What are the solutions? (paragraphs on actor roles and exercise of rights),primary_local_text_verified,dd71b10c85a75cee29bd5b046ecd2bb7011d81871df7b6b64da5e80bbb612418,Select architecture/data representation and handle rights,Controller; participant; rights-request recipient,Personal-data placement and rights response,Storage/representation design and governance procedure,"Advice on necessity, architecture and alternatives to cleartext personal-data storage",Not an application evaluation,law_or_institutional_guidance,Application/jurisdiction and factual processing arrangement must be established,Current web retry failed; preserved primary local text checked; not compliance certification,G1;G5;G6,Specify why a ledger is used and which retained records a rights procedure can affect.,Architecture choice can retain metadata even when the personal-data payload is off chain.,2026-10-01
SM37,reg-cppa-faq,context_regulation,https://cppa.ca.gov/faq.html,CPPA official institutional FAQ accessed1 October2026,Consumer rights/Right to opt-out of sale or sharing/What is the CPPA?,primary_fulltext_verified,58aa3612a25cbf5efa0711eedd22f6aff6ab7b797bae1ed0027f14d8eb4ddd06,Opt out of sale/sharing under applicable conditions,Consumer; qualifying business; CPPA,Sale/sharing preference and recipient-processing event,Business preference processing/enforcement,Explains CCPA consumer rights and CPPA role,Not an application evaluation,law_or_institutional_guidance,Application/jurisdiction and factual processing arrangement must be established,"FAQ is general institutional information, not comprehensive regulatory guidance",G2;G5;G6,Preserve distinct trigger/scope rather than using one generic consent flag for every law.,A consent withdrawal flag does not specify whether a sale/sharing opt-out has been applied.,2026-10-01
SM38,updateHussain2025ZeroTrust,recent_application_addition,https://ndownloader.figshare.com/files/65056158,"Accepted author manuscript carrying publisher DOI; final issue 71(1), February 2025; relevant primary passages also checked for synthesis",§III.A Differential Privacy/Theorem1 (PDFpp.4–5); §IV Proposed Model/Algorithm1 (PDFpp.5–7); §V Implementation/Results; §VI Conclusion,primary_fulltext_verified,d865eb2fc56e5b25bbb51ff54367acb82261282556ad95a715aa1f62c781c034,Trade a learned model using local learning updates,Data owner; data controller/aggregator; data consumer; SSI verifier,"Local training data, proposed noisy model parameters, model offer and final model",Owner training/noise step; marketplace registration/identity checks and P2P model release,Proposed LDP/FL update workflow; permissioned Ethereum bids/offers; IPFS specifications; SSI proof exchange,Python/Remix/PoA simulation;70trading/learning rounds and reported transaction/prediction comparisons,described_mechanism_and_reported_simulation,Owner applies claimed local randomization; controller obtains updates; complete collusion/calibration assumptions not_verified,"Privacy unit, operational noise calibration and composition accounting are insufficiently specified; the stated LDP argument does not establish privacy of this training procedure; accuracy and cost-derived latency/throughput are not privacy guarantees",G1;G3;G4;G7,Require a mechanism-specific privacy argument and output-history accounting.,Adding unspecified noise in repeated rounds does not alone establish a bounded cumulative privacy guarantee.,2026-10-01
SM39,updateBarnes2025DemonstratedConsent,recent_application_addition,https://www.ebi.ac.uk/europepmc/webservices/rest/PMC12005476/fullTextXML,"Published article; online 2024-11-05; issue 25(4), 2025; relevant primary passages also checked for synthesis",JATS§S0003 DEMONSTRATED CONSENT; §S0004/S2001–S2002 proposed blockchain/LLMs; §S0006 LIMITATIONS AND FUTURE DIRECTIONS,primary_fulltext_verified,448827793bb587be0f5d032261aacb956cc7c44c78926cc02282fdfd07ed5e6e,Inform biobank donors of sample use and update consent preferences,Donor; human researcher; biobank/research-information provider; proposed LLM interface,NFT-associated sample-use information and donor preferences,Proposed sample/inventory-management and donor interface; exact technical access path not_verified,Sample-linked NFTs and proposed retrieval-augmented explanation of research records,Conceptual/ethical argument; no working prototype or build-level specification,conceptual_architecture_and_ethical_argument,Research-information source and initial human consent assessment; no verified complete enforcement model,"No implemented transfer gate, donor-comprehension test, security evaluation or measured withdrawal propagation; proposed NFT/smart-contract workflow does not itself constrain physical sample use or downstream copies",G2;G5;G6;G8,Keep recorded choice and available explanations distinct from demonstrated understanding.,An available sample-use record and LLM explanation do not alone establish informed voluntary consent.,2026-10-01
SM40,updateRohini2024SmartConsent,recent_application_addition,https://thescipub.com/pdf/jcssp.2024.730.741.pdf,"Publisher PDF, Journal of Computer Science 20(7), 730–741; 2024-07-01",Materials and Methods pp.734–737; Implementation/Prototype System p.737; Results and Discussion pp.737–739,primary_fulltext_verified_via_assessment,beab37b6f10291147060b4e8db75383ba46b4795da42d9b75588f9fccefdcc12,Create/update/withdraw patient data-sharing permission,Patient; consent manager/chaincode; other requester role details not separately extracted,Purpose-based consent and off-chain medical-record references,Reported chaincode permission check before access,Purpose-based patient consent; permission checks in chaincode; off-chain medical records with ledger references; create/update/withdraw operations,Four-Linux-PC Fabric prototype; functional consent/access cases and reported latency/cost comparisons,prototype_and_reported_functional_tests,Further trust assumptions not_verified beyond assessment boundaries,"Clinical deployment and downstream use are not established; Ethereum-style gas accounting in a Fabric comparison lacks an identified mapping, so quantitative cost advantages are not imported",G2;G5;G6,Distinguish access-case correctness from downstream use and cost-accounting evidence.,A chaincode denial does not remove a medical record already disclosed.,2026-10-01
SM41,updateBonotis2025CONSENT,recent_application_addition,https://journals.sagepub.com/doi/10.3233/SHTI251556,"Published SHTI 332 contribution, 330–334, 2025; corrected article DOI",2.1–2.3 (architecture); 3 (planned results/evaluation); 4 (discussion),primary_fulltext_verified_via_assessment,not_archived,Propose AI-assisted dynamic consent lifecycle,User; AI assistance and ledger services; further role details not separately extracted,User choices and recorded permission state,Proposed user/AI/ledger layers; realized release gate not_verified,"Proposed user interface, AI consent assistance and permissioned-ledger/smart-contract layer for consent lifecycle events","Architecture proposal; evaluation scenarios and metrics are planned, not completed results",conceptual_architecture,Trust assumptions not_verified; evaluated implementation not supplied,"No demonstrated prototype, measured withdrawal propagation, user comprehension, security or legal-compliance assessment; AI recommendations do not establish valid consent",G2;G6,Keep planned consent assistance and evaluation separate from established user understanding.,A recorded AI-assisted recommendation does not establish an informed voluntary choice.,2026-10-01
SM42,updateTomaz2025PrivacHer,recent_application_addition,https://www.researchgate.net/publication/397291306_Trust_Through_Transparency_Blockchain_for_Consent_and_Accountability_in_FemTech_Applications,"Author-uploaded published GoodIT 2025 paper, pp.33–40; conference 2025-09-03",Published full-text header (GoodIT 2025 DOI); 3.2–3.3 (services/Fabric); 4.1–4.2 (tests),primary_fulltext_verified_via_assessment,not_archived,Grant intimate-data access and record retrieval events,Service user; consent manager; data service; regulator,"Consent decision, encrypted fragmented records and access log",Consent-manager API check precedes data-service retrieval,PrivacHer consent-manager checks precede data-service retrieval; encrypted fragmented cloud records and ledger access audit,Functional registration/consent/retrieval and end-to-end workflow tests; Locust load tests of latency and throughput,prototype_functional_and_reported_load_tests,Further trust assumptions not separately extracted; controller/recipient behavior remains relevant,"API access checks and logs do not establish control of recipients after disclosure or GDPR compliance; published source supports functional/load evidence, not a regulator-endorsed deployment",G2;G3;G5;G6,Locate permission checking in the retrieval path and distinguish test scope from post-disclosure control.,An API access log does not by itself constrain a recipient after disclosure.,2026-10-01
SM43,updateOke2025FHIRConsent,recent_application_addition,https://www.researchgate.net/publication/392500406_Blockchain-Enabled_Consent_Management_in_FHIR-Compliant_Oncology_Platforms,"TechRxiv preprint v1, 2025-06-06; native result v2 (2025-06-18) verified as same title/authors but not accessible",Methodology: System Architecture (FHIR–Blockchain Bridge); Consent Workflow steps 1–3; Results and Discussion,primary_fulltext_verified_via_assessment,not_archived,Propose consent-governed oncology data release,FHIR data server; synchronization adapter; further requester/subject role details not separately extracted,FHIR Consent resource and ledger permission state,Proposed adapter synchronizes policy; FHIR server checks current consent,"Proposed SMART-on-FHIR authorization, FHIR Consent resources and adapter synchronizing ledger permissions with the data server; server checks current consent before release",Conceptual architecture and discussion using prior implementations; no evaluation of this proposed system,conceptual_architecture,Trust assumptions not_verified beyond adapter consistency/failure boundary,"Adapter consistency, failure handling and current-state enforcement are not measured; no recall of previously disclosed data; extraction applies to v1 only, not unexamined v2",G2;G6,Test adapter freshness and failure handling at the actual release.,An adapter can expose a stale permission unless state freshness is established.,2026-10-01
SM44,updateMiao2026PermissionSupervision,recent_application_addition,https://mdpi-res.com/d_attachment/information/information-17-00176/article_deploy/information-17-00176.pdf,"Publisher PDF, Information 17(2), 176, 2026-02-09",3.1–3.3 (roles/threat model); 4.1–4.2 (construction); 5–6 (analysis/evaluation),primary_fulltext_verified_via_assessment,041c482b648e52469b06e7c6799bce1512c1828d22449b3799e92a6578a20b7b,"Authorize, correct and audit on-chain data redaction",User; rotating redactor; fully trusted CA; light node,"Redaction request/authority, on-chain content and verifiable tags",Redactor uses chameleon hashes; CA corrects edits/revokes authority,Two-level chameleon hashes; rotating redactors act on user requests; trusted CA corrects malicious edits and revokes redaction authority; verifiable tags support light-node audits,Formal construction/security arguments and primitive/audit performance analysis,formal_construction_and_reported_primitive_analysis,Fully trusted CA stated in assessment; scheme assumptions as located in source,"Fully trusted CA remains; controlled on-chain redaction does not establish deletion of off-chain copies, patient consent or full compliance; primitive benchmarks are not an end-to-end sharing deployment",G1;G2;G5;G6,Keep authority to alter ledger state separate from authority over retained off-chain copies.,A permitted ledger edit does not erase an off-chain copy.,2026-10-01
SM45,updateCh2026ConsentOffloading,recent_application_addition,https://link.springer.com/article/10.1007/s10791-026-10392-7,"Published publisher HTML, Discover Computing 29, 533, 2026-08-13; relevant primary passages also checked for synthesis",§3 System model/interaction/enrollment/access contracts; §5 Healthcare data sharing; §6.1 offloading; §6.2 data sharing benchmark,primary_fulltext_verified,not_archived,Offload health-data processing and grant encrypted-record access,Patient; requester; mobile device; hospital edge server; validator,"AES-protected payload, recipient-wrapped key, IPFS CID and permission",Patient/access contract grants metadata/key; edge server decrypts before processing,PPO offloading; AES/IPFS payload protection; RSA key wrapping; Besu access contracts,Offloading simulation plus Caliper/Besu and IPFS latency/throughput workloads,prototype_and_reported_simulation_measurements,Edge validators assumed honest/non-malicious; healthcare users may be malicious; private offloading network,Edge processing receives plaintext and recipients obtain decryption keys; approval/ledger state does not recall disclosed data; private-network/honest-miner assumptions and local measurements limit deployment claims,G2;G3;G4;G6,Identify where protected transport becomes plaintext computation.,Encrypted transport and consented disclosure can coexist with plaintext at an authorized edge processor.,2026-10-01
SM46,updateDauden2025RTBConsent,recent_application_addition,https://crises-deim.urv.cat/uploads/publications/1282.pdf,Author manuscript linked by CRISES to DBSec 2025; publisher chapter online 2025-06-24; relevant primary passages also checked for synthesis,§3.1 Requirements; §3.2 System architecture; §3.5 Consent Management/Data Accountability; §4.3/Claim7 XACML; §5 future implementation,primary_fulltext_verified,c62045a19024d087d96d76a6b54705842c471e70290eb0d214179387a2611b61,Record collection/processing consent and mediate adtech data access,User; publisher/controller; adtech processor; data recipient; supervisory authority,"Collection/processing consent, purpose/categories, and displayed-ad records",Proposed recipient XACML PEP/PDP consults consent ledger; plug-in logs displayed advertisements,"Preference plug-in, consent smart contracts and XACML-based access mediation",Architectural propositions/design arguments; implementation and usability/security evaluation remain future work,conceptual_design_and_argument,Recipient applies policy checks; reported ad records depend on plug-in observation,"Compliance claims depend on participating websites, data repositories and advertising actors; no measured revocation propagation, recall of recipients copies, or independent assessment of valid consent",G2;G5;G6,Identify the recipient service applying policy and events visible to the audit.,A consent ledger and displayed-ad log do not establish observation of every subsequent processing event.,2026-10-01
SM47,updateAlSabahi2026AuthorshipConsent,recent_application_addition,https://www.frontiersin.org/journals/blockchain/articles/10.3389/fbloc.2025.1730645/full,Published 2026-04-01; publisher volume 8 and DOI suffix 2025 do not determine publication year; relevant primary passages also checked for synthesis,§§4.1.2–4.1.6 privacy/trust/issuer governance; §4.6 COI non-intersection; §4.8/Table3 indicative costs; §4.9 registry; §5.1 formative survey,primary_fulltext_verified,not_archived,Verify manuscript-bound authorship consent and proposed conflict-of-interest predicates,Author/reviewer holders; institution issuers; journal verifier/controller; publisher consortium,"ConsentToken, affiliation attestations, salted manuscript aliases and status/receipt hashes",Proposed journal consent gate and COI verifier; consortium registry/status service,VC consent and trusted issuer/status checking; proposed ZK affiliation-set non-intersection and receipt registry,Formative stakeholder survey; circuit costs extrapolated from other benchmarks; no full implementation,conceptual_design_and_formative_user_survey,Affiliation issuers must be credible; consortium onboarding and journals govern verification/status,No implemented registry/ZK benchmark or demonstrated effectiveness; possession of declared affiliation evidence does not establish completeness/truth of all affiliations; limited predicates do not prove full conflict-of-interest absence,G1;G2;G4;G5;G6;G8,Keep predicate verification distinct from truth/coverage of an issuer assertion.,Non-intersection over asserted affiliations need not rule out an undeclared relationship.,2026-10-01
SM48,updateNaghmouchi2026ClinConNet,recent_application_addition,https://arxiv.org/html/2602.02610v1,"arXiv:2602.02610v1, 2026-02-02; explicitly a preprint; relevant primary passages also checked for synthesis",§4.1 System Model; §4.5 web portal; §4.6 consortium; §5 consent update/revoke; §6 RTBF; §§7.1–7.2 testbed/methodology,primary_fulltext_verified,not_archived,"Sign, publish, update and revoke clinical-research consent",Participant wallet; research organization; web portal; cloud agent; optional enrollment authority,"Private signed consent forms, public consent-proof status and local DID–proof mapping",Portal publishes consent proofs; Fabric contract changes proof status; portal deletes local mapping,DID-Auth/DIDComm wallet interactions; hash/encrypted consent proof; supersede-and-replace consent,SSI browser operations and Caliper contract benchmark; two-peer/one-orderer Fabric test network on one32GB host,prototype_and_reported_local_measurements,Portal/cloud honest-but-curious; consortium trusted; research organizations may be malicious,Honest-but-curious portal/cloud and Tor assumptions; disclosed clinical data excluded from privacy analysis; component-time sum omits network/human delay; proof revocation or portal-mapping deletion does not ensure erasure of researchers data,G1;G5;G6,Assess state propagation and retained associations outside the ledger separately.,Removing a portal association can coexist with a recipient retaining its signed consent form.,2026-10-01
SM49,updateObodo2025MultiProviderConsent,recent_application_addition,https://ijsrmt.com/index.php/ijsrmt/article/download/817/255/4908,"Publisher PDF, IJSRMT 4(9), 116–121, published 2025-09-20","III Theoretical Framework/Conceptual Model pp.117–118; IV Benefits, Challenges, and Considerations pp.118–119",primary_fulltext_verified_via_assessment,90d010f56ff146c0d9788bb8cb60522857398df03f8d9cd9401b397469f12ba8,Propose grant/update/withdraw and pre-access consent checking,Patient; patient interface; access/contract service; provider role implementation not_verified,"Recipient, data and time scope; access-event log",Proposed consent-state check before off-chain record access,"Patient interface defines recipients, data and time scope; smart-contract consent state is checked before off-chain record access; access events logged for audit",Conceptual model and discussion; no prototype or measured evaluation,conceptual_architecture,Identity/key/trust method not_verified in assessment,"Immediate cross-provider propagation and savings are proposed or attributed to other works, not measured here; identity method, keys and enforcement implementation remain unspecified",G2;G5;G6,Treat cross-provider propagation as an assessment need rather than a measured property.,Recording withdrawal does not establish that every provider has stopped release.,2026-10-01
SM50,updateGupta2026ScalableConsent,recent_application_addition,https://convecs.inria.fr/doc/publications/Gupta-Lang-Ozeer-Salaun-26.pdf,Author manuscript linked by Inria and HAL hal-05730325; COMPSAC 2026 publication 2026-07-07; relevant primary passages also checked for synthesis,§IV.A–E System Design/BRIDGE/workflows; §V.A–B machine-readable terms and proof workflow; §VI.A–C implementation and evaluation (PDFpp.3–9),primary_fulltext_verified,c7f7d9c1ade677515b64dee0f742f100500ba4f90bb981323833e6a2c881037a,Query consenting cohorts and verify processor-supplied calculations,Patient; hospital/controller; data processor/prover; sync manager; verification service,"Consent categories/hashes, DPA parameters, supplied dataset and proof public outputs",Consent server/lookup synchronization; RISC0 program verification service,Hierarchical consent hashes; BRIDGE reconciliation; five RISC0 Rust checks over private supplied inputs,Synthetic0.5–10million-patient query data; five query repeats/median; single8-core8GB CPU host; proof size/timing,prototype_and_reported_local_measurements,"External data supply, timestamp origin and complete processing disclosure require separate evidence",Chosen predicates on supplied inputs do not certify all actual processing or legal compliance; raw data are released to processors; local synthetic results and cross-paper comparisons do not establish production performance or superiority over encrypted computation,G2;G4;G5;G8,Name the checked program/inputs and the events outside the proof.,A processor can prove a check on one submitted dataset without proving that no other processing occurred.,2026-10-01
SM51,updateRen2025AIoTIdentity,recent_application_addition,https://mdpi-res.com/d_attachment/electronics/electronics-14-03954/article_deploy/electronics-14-03954.pdf,"Publisher PDF, Electronics 14(19), 3954, 2025-10-08",3.1–3.4 (mechanism); 4 (security arguments); 5.1–5.5 (synthetic experiment),primary_fulltext_verified_via_assessment,cbd2b87c2f207f3a6cf77d09eab02f3727bc65711bcd8e1d63f3094559d04297,Verify disclosed attributes and derive contextual resource permission,User; KGC; context/lifetime rule evaluator,"Partial keys, aggregated credential evidence and context-sensitive permission",Credential checks and context/lifetime rules generate permission,User/KGC partial keys; selective-disclosure credential construction/aggregation; context and lifetime rules generate access permissions,Mathematical arguments and synthetic 10000-user/20-attribute experiments on a local Ubuntu host,formal_arguments_and_reported_synthetic_experiments,KGC trust and correct context evaluation remain assumptions,Synthetic credential/permission tests are not deployed sharing or downstream use control; correlation-attack metrics are not equivalent to DP guarantees; trust in KGC and correct context evaluation remains,G1;G2;G3;G5;G6,Separate credential/permission metrics from deployed downstream control and DP accounting.,A correct attribute proof can accompany an incorrectly evaluated external context.,2026-10-01
SM52,updateZeydan2024ABSIdentity,recent_application_addition,https://zenodo.org/records/12781373/files/Blockchain-based%20self-sovereign%20identity%20solution%20for%20aerial%20base%20station%20integrated%20networks.pdf?download=1,"Author manuscript deposited by CTTC researchers; final Vehicular Communications 47, 100759, June 2024",2–3 (architecture/ABS interactions); 4.1–4.3 (testbed/metrics); author manuscript pp.5–17,primary_fulltext_verified_via_assessment,3127642ab77e97b2d6c0ce7ad739b366c05af5cfd5f985ba607ff6cb1d1659e7,Authenticate base stations and share identity evidence across operators,Aerial/ground base station; issuer; verifying operator,"DID/credential presentation, status and DIDComm message",Credential verification during proposed authentication/handover,DID/credential presentation and DIDComm messaging; issuer-controlled revocation; proposed credential checks during ABS authentication/handover,Two OpenStack VMs; four container issuer nodes; credential/DIDComm operations for 50000/75000/100000 requests,prototype_and_reported_credential_measurements,Issuers and operator authentication infrastructure trusted,"Credential-operation tests do not establish real multi-operator radio deployment, inference privacy or control after credential disclosure; underlying issuers and operator authentication infrastructure remain trusted",G1;G5;G6,Distinguish credential-operation performance from deployed multi-operator behavior.,Revoking a credential does not erase attributes disclosed earlier.,2026-10-01
SM53,updateRamirez2025IOTAIdentity,recent_application_addition,https://rua.ua.es/server/api/core/bitstreams/2840e453-d856-461e-8678-f6803595b60d/content,"Published author/institutional full text, Future Internet 17(1), 49, 2025-01-20",3.1–3.2 (materials/workflow); 4.1 (DIDComm limitation); 4.2–4.3 (channel operations and performance),primary_fulltext_verified_via_assessment,ccd87e3ef3603c999070ceb9e04812b0169a3cea32decce795aa368f0b62ff02,Present IoT device credentials and establish authorized data channels,IoT device; issuer; channel participants; further role details not separately extracted,"DID/VC/VP, channel message and custody material",Identity validation; Streams encrypted channel; Stronghold key custody,IOTA Identity DIDs/VCs/VPs; Streams encrypted channels; Stronghold key custody; issuer credential revocation,Raspberry Pi 4 (4 GB) prototype; identity/message workflows and reported resource/latency comparisons,prototype_and_reported_resource_measurements,Further trust assumptions not separately extracted; simulated interactions stated,"DIDComm is explicitly not integrated and interactions are simulated; credential/channel tests do not establish recall of previous data or deployed large-scale security; libraries describe the paper version, not current support",G1;G3;G5;G6,Keep channel/credential operation evidence separate from recall and deployment assurance.,A revoked credential need not invalidate a retained channel message.,2026-10-01
SC01,updateGuan2025Healthcare,recent_application_search_completion,https://doi.org/10.1109/JIOT.2024.3487154,"Published version, 2025, DOI 10.1109/JIOT.2024.3487154",IV.A--C; Algorithm 1; V.A--B; Figures 2--7; VII,primary_fulltext_verified,not_archived,Healthcare IoT records,"Patient, provider, requester, Fabric organizations","Encrypted records, search index, membership and key release",Hyperledger Fabric 2.2,"Paillier additive encryption, searchable encryption, Bloom indexes, and Fabric access policies","Single-machine encryption/search tests with 10,000--50,000 records",source_reported_design_and_evaluation,"Record service, key holders, and authorized recipients","Retrieved records are decrypted before authorized sharing. Search leakage, recipient misuse, and computation correctness are not established.",G2;G3;G4;G5;G7,Evaluate the stated control at its release/verification boundary.,"Retrieved records are decrypted before authorized sharing. Search leakage, recipient misuse, and computation correctness are not established.",2026-10-01
SC02,updateGupta2024LungFL,recent_application_search_completion,https://doi.org/10.1016/j.chb.2024.108302,"Published version, 2024, DOI 10.1016/j.chb.2024.108302",4.1--4.2; Algorithms 1--3; Tables 3--5; 5.2--5.4,primary_fulltext_verified,not_archived,Federated lung-disease detection,"Hospitals, federated routers, backend aggregators, validators","Training data, model updates, and signed storage references","Consortium/PoA design, Ethereum-style contract pseudocode","DenseNet local training, hierarchical model aggregation, signed updates, and IPFS references","Two-client, 15-round learning experiment and image-classification comparisons",source_reported_design_and_evaluation,"Clients, aggregation services, and validators",Hashing and signatures do not provide encryption. Classification accuracy does not establish update confidentiality or resistance to model poisoning.,G2;G4;G7;G8,Evaluate the stated control at its release/verification boundary.,Hashing and signatures do not provide encryption. Classification accuracy does not establish update confidentiality or resistance to model poisoning.,2026-10-01
SC03,updateGhosh2024Banking,recent_application_search_completion,https://doi.org/10.1007/s42979-023-02593-4,"Published version, 2024, DOI 10.1007/s42979-023-02593-4","Pages 7--13, Figures 6--8; pages 14--17, Table 3",primary_fulltext_verified,not_archived,Open-banking customer data,"Customer, bank, third-party provider, regulator/notary",Consent agreement and reported shared fields,Corda Enterprise 4,"Bank gateway checks consent, records exchanges, and compares authorized and reported fields through regulatory supervision",Bank emulation with 4--10 nodes and 10--50 customer-count parameters,source_reported_design_and_evaluation,Bank gateways and regulatory notary,Supervision covers recorded gateway exchanges. It does not establish complete capture of other transfers or deletion by recipients.,G1;G2;G5;G6,Evaluate the stated control at its release/verification boundary.,Supervision covers recorded gateway exchanges. It does not establish complete capture of other transfers or deletion by recipients.,2026-10-01
SC04,updateQu2025ConsentEMR,recent_application_search_completion,https://doi.org/10.1016/j.csi.2024.103902,"Published version, 2025, DOI 10.1016/j.csi.2024.103902","3.1--3.3, Table 3; 4.1--4.3; 5.1--5.2",primary_fulltext_verified,not_archived,Patient-mediated medical-record sharing,"Patient, originating institution, recipient institution","Record ciphertext, temporary key, and signed sharing stages","Ethereum, Solidity/Ganache/Remix","Patient decrypts an IPFS record, re-encrypts it for sharing, and releases a temporary key. Traceable ring signatures record stages","Transaction-load, user-count, record-size, and ring-signature experiments",source_reported_design_and_evaluation,"Patient key custody, institutions, and registration authority",Patient mediation does not prevent recipient copying or establish downstream deletion. Signature results cover their stated relation.,G1;G2;G3;G5;G6;G8,Evaluate the stated control at its release/verification boundary.,Patient mediation does not prevent recipient copying or establish downstream deletion. Signature results cover their stated relation.,2026-10-01
SC05,updateRao2024Genomic,recent_application_search_completion,https://doi.org/10.1109/I-SMAC61858.2024.10714793,"Published version, 2024, DOI 10.1109/I-SMAC61858.2024.10714793","III--IV; V, Tables 2--5",primary_fulltext_verified,not_archived,Genomic-data sharing,"Patient, requester, attribute authority","Consent state, attribute keys, and genomic ciphertext",Solidity/Ganache/Remix proof of concept,"Attribute-authority keys, encrypted IPFS records, recipient tokens, and contract consent checks","Synthetic datasets of 10--1,000 records with encryption, key-generation, and storage measurements",source_reported_design_and_evaluation,Attribute authority and key recipients,Withdrawal has no specified key/ciphertext update that invalidates previously released data. Cryptographic timings do not establish legal compliance.,G1;G2;G3;G6;G8,Evaluate the stated control at its release/verification boundary.,Withdrawal has no specified key/ciphertext update that invalidates previously released data. Cryptographic timings do not establish legal compliance.,2026-10-01
SC06,updateScaramuzza2026ZKConsent,recent_application_search_completion,https://doi.org/10.1109/SANER-C67878.2026.00011,"Published version, 2026, DOI 10.1109/SANER-C67878.2026.00011","IV--IX, especially IV.E, VII, VIII.C--D",primary_fulltext_verified,not_archived,Personal-data permission records,"Data subject, controller, requesting party, prover/verifier","Permission status, encrypted metadata, and commitment witness","Ethereum, Circom/snarkjs, Ganache/Truffle",Contract permission states and a zk-SNARK proving knowledge of a Pedersen-committed secret,Functional requirements and single-machine cryptographic benchmarks,source_reported_design_and_evaluation,"Setup-secret destruction, metadata encryption, and off-chain erasure","The paper identifies RSA-512, trusted setup, public participant links, and trusted off-chain erasure as limits. The proof does not establish factual data use.",G1;G2;G3;G4;G5;G6;G8,Evaluate the stated control at its release/verification boundary.,"The paper identifies RSA-512, trusted setup, public participant links, and trusted off-chain erasure as limits. The proof does not establish factual data use.",2026-10-01
SC07,updateFerreira2025MCPFHIR,recent_application_search_completion,https://doi.org/10.1109/ICDLT66400.2025.11466653,"Published version, 2025, DOI 10.1109/ICDLT66400.2025.11466653","IV.A--F; V.D, Table 3; VI",primary_fulltext_verified,not_archived,MCP-mediated FHIR record access,"Patient, credential issuer, FHIR service, MCP gateway, requester","Credential status, purpose/scope/time consent, and returned bundle","Fabric or EVM L2 alternatives, deployment not consistently identified","DID/VC identity, issuer allowlists, purpose/time consent checks, bundle hashes, and provenance logs",Reported 300-request comparison. Table 3 labels the results illustrative,source_reported_design_and_evaluation,"Issuer allowlists, gateway enforcement, and revocation caches","Dataset/domain descriptions are inconsistent. Hashes do not prove LLM-summary correctness or complete inputs. Gateway, issuer, and cache behavior remain conditions.",G1;G2;G5;G6;G8,Evaluate the stated control at its release/verification boundary.,"Dataset/domain descriptions are inconsistent. Hashes do not prove LLM-summary correctness or complete inputs. Gateway, issuer, and cache behavior remain conditions.",2026-10-01
SC08,updateAyala2024DataConsent,recent_application_search_completion,https://doi.org/10.1109/ICEDEG61611.2024.10702050,"Published version, 2024, DOI 10.1109/ICEDEG61611.2024.10702050",V--VIII; public BlockChainConsent repository,primary_fulltext_verified,not_archived,Personal-data consent records,"Data subject, requesting company, application service","Consent state, recipient references, and described decryption keys",React/Node.js/MongoDB hash-chain proof of concept,Global and company-specific hash-linked records with consent states and described key release,Eight synthetic block-count scenarios with 10 runs per scenario. Code available,source_reported_design_and_evaluation,Application service and recipient behavior,Distributed consensus is not established. Withdrawal appends state and does not erase earlier blocks or recall released keys.,G1;G2;G3;G5;G6,Evaluate the stated control at its release/verification boundary.,Distributed consensus is not established. Withdrawal appends state and does not erase earlier blocks or recall released keys.,2026-10-01
SC09,updateDeepthika2024ConsentLSTM,recent_application_search_completion,https://doi.org/10.1109/ICoICI62503.2024.10696868,"Published version, 2024, DOI 10.1109/ICoICI62503.2024.10696868","II.A--C, transaction algorithm; III, Table II",primary_fulltext_verified,not_archived,Health-data sharing and predicted permissions,"Requester, permission service, learning component",Permissions and predicted preferences,Hyperledger Fabric proposal,Fabric authentication/permission checks and LSTM prediction of changing preferences,CICIDS-2017/NSL-KDD experiments and reported consent-accuracy comparison,source_reported_design_and_evaluation,"Permission rules, preference labels, and requester authentication",Consent labels and ground truth are not established from the intrusion datasets. Predicted preference is not explicit informed consent. Hashing is not confidentiality.,G1;G2;G8,Evaluate the stated control at its release/verification boundary.,Consent labels and ground truth are not established from the intrusion datasets. Predicted preference is not explicit informed consent. Hashing is not confidentiality.,2026-10-01
SC10,updateGupta2024CertificatePermission,recent_application_search_completion,https://doi.org/10.1109/ICSCSS60660.2024.10625663,"Published version, 2024, DOI 10.1109/ICSCSS60660.2024.10625663","III.A--B; IV.A--C, Figure 2 and Table V",primary_fulltext_verified,not_archived,Educational/professional certificates,"Certificate issuer, holder, verifier, administrators",Certificate issuance and revocation permissions,Hyperledger Fabric proposal,"Authorized issuers, contract issuance/checking/revocation, hashes, and digital signatures",Stakeholder interviews/surveys and descriptive certificate-forgery comparison,source_reported_design_and_evaluation,Authorized issuers and administrator policy,The examined text does not establish a reproducible attack experiment or deployed topology. Selective disclosure and recipient confidentiality are not established.,G1;G2;G6;G8,Evaluate the stated control at its release/verification boundary.,The examined text does not establish a reproducible attack experiment or deployed topology. Selective disclosure and recipient confidentiality are not established.,2026-10-01
SC11,updateHemlata2026DualCare,recent_application_search_completion,https://doi.org/10.1109/ICBC67748.2026.11575533,"Published version, 2026, DOI 10.1109/ICBC67748.2026.11575533","III.A--C; IV, Algorithms 1--2; V, Tables II--III",primary_fulltext_verified,not_archived,Cross-network medical-record sharing,"Hospital, patient, researcher, relay, key middleware","Dual consent states, record ciphertext, and released AES key",Two Hyperledger Fabric test networks,"Hospital/patient Fabric approvals, event relay, RBAC, encrypted MinIO records, and RSA-wrapped AES keys",20 workflows. Mean complete-workflow latency 12.824 s,source_reported_design_and_evaluation,"Relay state propagation, middleware key custody, and recipients",Removing a wrapped key from middleware does not invalidate a key already recovered by a recipient. The relay and key service remain enforcement dependencies.,G1;G2;G3;G5;G6;G8,Evaluate the stated control at its release/verification boundary.,Removing a wrapped key from middleware does not invalidate a key already recovered by a recipient. The relay and key service remain enforcement dependencies.,2026-10-01
SC12,updateLu2025RedactableEducation,recent_application_search_completion,https://doi.org/10.1016/j.bcra.2024.100247,"Published version, 2025, DOI 10.1016/j.bcra.2024.100247","3.1--3.4.2; 4.3--4.4; 5, Figures 6--8",primary_fulltext_verified,not_archived,Educational records and anonymous disputes,"Student, teacher/counselor, inspector, secretary","Score transactions, reporter identity, and editing trapdoors",Custom construction and EVM simulation,Linkable-claimable ring signatures and tripartite permission for chameleon-hash editing,Conditional security arguments and primitive benchmarks over 100 runs,source_reported_design_and_evaluation,Partially trusted review roles and stated cryptographic assumptions,"Partial trust in review roles remains. Editing controls do not establish score truth, erasure of external copies, or consent to secondary processing.",G1;G2;G3;G6;G8,Evaluate the stated control at its release/verification boundary.,"Partial trust in review roles remains. Editing controls do not establish score truth, erasure of external copies, or consent to secondary processing.",2026-10-01
SC13,updateLiu2024SSDID,recent_application_search_completion,https://doi.org/10.1109/JIOT.2024.3380068,"Published version, 2024, DOI 10.1109/JIOT.2024.3380068",III--V; VI.A--E,primary_fulltext_verified,not_archived,Cross-shard credential verification,"Holder, issuer, verifier, shard and leader committees","DID states, credential hashes, and cross-field certificates",Multilayer permissioned sharding simulation,"Sharded DID/credential events, aggregate BFT certificates, and Merkle cross-field proofs","30--60 nodes per shard with PBFT/HotStuff comparators. Best reported throughput 90,000 requests/s in simulation",source_reported_design_and_evaluation,"Authenticated channels, partial synchrony, and less than one-third Byzantine committee members",Results concern message unforgeability/liveness under committee assumptions. Recorded credential-use identifiers permit linkage. Deactivation does not erase history.,G1;G2;G5;G6;G8,Evaluate the stated control at its release/verification boundary.,Results concern message unforgeability/liveness under committee assumptions. Recorded credential-use identifiers permit linkage. Deactivation does not erase history.,2026-10-01
SC14,updateSeidi2025HealthcareSSI,recent_application_search_completion,https://doi.org/10.1007/s10922-025-09960-x,"Published version, 2025, DOI 10.1007/s10922-025-09960-x","3.1--3.2.4; 4; 5, Tables 2--5; 7",primary_fulltext_verified,not_archived,Medical credentials and prescriptions,"Hospital/doctor issuer, patient holder, pharmacy/insurer verifier, role administrator","DID documents, signed credentials, and role permissions",Ethereum Sepolia and Veramo,"DID/VC/presentation signatures, administrator-assigned role permissions, and IPFS records",50 repetitions and 10 parallel sessions for DID/credential gas and timing benchmarks,source_reported_design_and_evaluation,"Issuer assertions, role administrator, Veramo keys, and IPFS availability",PII hashing and a signed presentation do not establish confidential attributes or cryptographic selective disclosure. Issuer/administrator trust and regulatory validation remain.,G1;G2;G5;G6;G8,Evaluate the stated control at its release/verification boundary.,PII hashing and a signed presentation do not establish confidential attributes or cryptographic selective disclosure. Issuer/administrator trust and regulatory validation remain.,2026-10-01
