historical_group,source_table,citation_key,publication_year,use_case,reported_technique,reported_contribution,reported_platform,reported_software_link,revision_changed_fields,verification_scope,display_description
privacy,tab:privacy-works,2015-decentralizing-privacy,2015,Personal Data,"Data Encryption, Off-chain Storage and Access Control",A decentralized personal data management system with access-control,N/A,N/A,,"Reflects revised LaTeX; publication_year retains original extraction label, which may differ from final issue year; selected corrections applied; original platform/software fields not fully revalidated","Personal-data management with encryption, off-chain storage, and access control."
privacy,tab:privacy-works,2016-healthcare-data-gateways,2016,Healthcare,MPC discussed as a possible extension,"Patient-managed, purpose-centric access to healthcare data",N/A,N/A,reported_technique; reported_contribution,"Reflects revised LaTeX; publication_year retains original extraction label, which may differ from final issue year; selected corrections applied; original platform/software fields not fully revalidated","Patient-managed, purpose-specific access. MPC is discussed as a possible extension."
privacy,tab:privacy-works,2017-provchain,2017,Cloud Storage,Hashed user ID (pseudonymization),A blockchain-based system for securing and auditing cloud data provenance,N/A,N/A,reported_technique,"Reflects revised LaTeX; publication_year retains original extraction label, which may differ from final issue year; selected corrections applied; original platform/software fields not fully revalidated",Cloud-data provenance and auditing with hashed user identifiers (pseudonymization).
privacy,tab:privacy-works,2017-Medibchain,2017,Healthcare,Data Encryption and Access Control,Patient-centered healthcare data management system,N/A,N/A,,"Reflects revised LaTeX; publication_year retains original extraction label, which may differ from final issue year; selected corrections applied; original platform/software fields not fully revalidated",Patient-centered record management with encryption and access control.
privacy,tab:privacy-works,2018-BPDS,2018,Healthcare,Public Key Encryption and CP-ABE-based Access Control,A system that utilizes both cloud storage and blockchain technology to protect EMRs with CP-ABE-based Access Control Mechanism,N/A,N/A,,"Reflects revised LaTeX; publication_year retains original extraction label, which may differ from final issue year; selected corrections applied; original platform/software fields not fully revalidated","Cloud and blockchain storage of EMRs, with public-key encryption and CP-ABE access control."
privacy,tab:privacy-works,2018-towards-secure,2018,Healthcare,Public Key Encryption with Keyword Search (PEKS),A blockchain-based system for preserving the privacy of personal health information (PHI),Ethereum,N/A,,"Reflects revised LaTeX; publication_year retains original extraction label, which may differ from final issue year; selected corrections applied; original platform/software fields not fully revalidated",Public-key encryption with keyword search (PEKS) for protected health records. Ethereum.
privacy,tab:privacy-works,2020-privacy-remote-iot,2020,Internet of Things,Lifted EC-ElGamal Cryptosystem and Bilinear pairing,A scheme to protect the data privacy of the IoT systems,N/A,N/A,,"Reflects revised LaTeX; publication_year retains original extraction label, which may differ from final issue year; selected corrections applied; original platform/software fields not fully revalidated",IoT data protection using lifted EC-ElGamal and bilinear pairings.
privacy,tab:privacy-works,2020-privy-sharing,2020,Internet of Things,Data Encryption and Hyperledger Fabric Channels,Framework to share IoT data with privacy preservation through the use of channels and smart contracts,Hyperledger Fabric,N/A,,"Reflects revised LaTeX; publication_year retains original extraction label, which may differ from final issue year; selected corrections applied; original platform/software fields not fully revalidated","IoT data sharing with encryption, channels, and smart contracts. Hyperledger Fabric."
privacy,tab:privacy-works,2021-edge-light-smart-grid,2021,Smart Grid,Homomorphic Encryption,Privacy-preserving data aggregation scheme for use in smart grid,N/A,N/A,,"Reflects revised LaTeX; publication_year retains original extraction label, which may differ from final issue year; selected corrections applied; original platform/software fields not fully revalidated",Smart-grid data aggregation using homomorphic encryption.
privacy,tab:privacy-works,2021-privacy-fog-iot,2021,Internet of Things,Access control Policies and Encryption,Framework for secure access control of IoT data using blockchain technology,Hyperledger Fabric,N/A,,"Reflects revised LaTeX; publication_year retains original extraction label, which may differ from final issue year; selected corrections applied; original platform/software fields not fully revalidated",IoT access policies and encryption. Hyperledger Fabric.
privacy,tab:privacy-works,2021-data-priv-iot,2021,Internet of Things,Anonymization and Data Encryption,Privacy protection scheme for the IoT using encryption,N/A,N/A,,"Reflects revised LaTeX; publication_year retains original extraction label, which may differ from final issue year; selected corrections applied; original platform/software fields not fully revalidated",IoT data protection using anonymization and encryption.
privacy,tab:privacy-works,2021-data-sec-sharing,2021,Industrial Internet of Things,Encryption and Hidden Attribute Authentication,Privacy protection model for IIoT applications,N/A,N/A,,"Reflects revised LaTeX; publication_year retains original extraction label, which may differ from final issue year; selected corrections applied; original platform/software fields not fully revalidated",IIoT data protection using encryption and hidden-attribute authentication.
privacy,tab:privacy-works,2021-drone-big-data,2021,UAV big data,"Encryption, Threshold Scheme, NTRU Cryptosystem,",Privacy protection scheme for UAV big data,N/A,N/A,,"Reflects revised LaTeX; publication_year retains original extraction label, which may differ from final issue year; selected corrections applied; original platform/software fields not fully revalidated","UAV data protection using encryption, a threshold scheme, and NTRU."
privacy,tab:privacy-works,2021-homomo-enc-smart-grid,2021,Smart Grid,Homomorphic Encryption,Homomorphic encryption-based data aggregation (BHDA) scheme,N/A,N/A,,"Reflects revised LaTeX; publication_year retains original extraction label, which may differ from final issue year; selected corrections applied; original platform/software fields not fully revalidated",BHDA data aggregation using homomorphic encryption.
privacy,tab:privacy-works,2021-hOCBS,2021,Healthcare,Privacy-oriented on-chain/ off-chain design,Hybrid privacy-preserving framework for off-chain and on-chain systems (hOCBS) for healthcare data management,N/A,N/A,reported_technique,"Reflects revised LaTeX; publication_year retains original extraction label, which may differ from final issue year; selected corrections applied; original platform/software fields not fully revalidated",hOCBS combines on-chain and off-chain components for healthcare record management.
privacy,tab:privacy-works,2021-sp-chain,2021,Healthcare,Proxy Re-encryption Scheme,A blockchain-based system to enable patients and doctors to share data,N/A,N/A,,"Reflects revised LaTeX; publication_year retains original extraction label, which may differ from final issue year; selected corrections applied; original platform/software fields not fully revalidated",Patient--doctor data sharing using proxy re-encryption.
privacy,tab:privacy-works,2021-priv-gov-soc,2021,Government,Smart Contracts to Validate Permission Settings,Government data sharing in a consortium blockchain system,Hyperledger Fabric,N/A,,"Reflects revised LaTeX; publication_year retains original extraction label, which may differ from final issue year; selected corrections applied; original platform/software fields not fully revalidated",Consortium government data sharing with contract-checked permissions. Hyperledger Fabric.
privacy,tab:privacy-works-2,2021-data-privacy-based-iot,2021,Internet of Things,Smart Contracts to Validate Permission Settings,Privacy-Preserving Framework for IoT device management using blockchain technology,Ethereum,N/A,,"Reflects revised LaTeX; publication_year retains original extraction label, which may differ from final issue year; selected corrections applied; original platform/software fields not fully revalidated",IoT device management with contract-checked permissions. Ethereum.
privacy,tab:privacy-works-2,2021-medshare,2021,Healthcare,Attribute-based Encryption Scheme,Design and implementation of a multi-keyword boolean search operation over encrypted EHRs,Ethereum,https://github.com/groupjia/ medshare2021,,"Reflects revised LaTeX; publication_year retains original extraction label, which may differ from final issue year; selected corrections applied; original platform/software fields not fully revalidated",Attribute-based encryption and implemented Boolean multi-keyword search over EHRs. Ethereum.
privacy,tab:privacy-works-2,2021-priv-iot-homo,2021,Internet of Things,Homomorphic Encryption,Homomorphic encryption-based privacy-preserving IoT data aggregation scheme,Ethereum,https://github.com/Floukil/ E2EAggregation,,"Reflects revised LaTeX; publication_year retains original extraction label, which may differ from final issue year; selected corrections applied; original platform/software fields not fully revalidated",IoT data aggregation using homomorphic encryption. Ethereum.
privacy,tab:privacy-works-2,2021-system-medical-data-privacy,2021,Healthcare,Proxy Re-encryption Scheme,"A blockchain-based medical data information system for secure collection, storage, query, and sharing",Hyperledger Fabric,https://github.com/nanodaemony/ medicalledger,,"Reflects revised LaTeX; publication_year retains original extraction label, which may differ from final issue year; selected corrections applied; original platform/software fields not fully revalidated","Medical-data collection, storage, querying, and sharing using proxy re-encryption. Hyperledger Fabric."
privacy,tab:privacy-works-2,2021-medical-data-sharing,2021,Healthcare,K-anonymity and Searchable Encryption,"Privacy-preserving medical data sharing scheme using K-anonymity, searchable encryption, and ABAC",Hyperledger Fabric,https://github.com/mythsand/ privacy-preserving-medical-data,,"Reflects revised LaTeX; publication_year retains original extraction label, which may differ from final issue year; selected corrections applied; original platform/software fields not fully revalidated","Medical-data sharing with k-anonymity, searchable encryption, and attribute-based access control. Hyperledger Fabric."
privacy,tab:privacy-works-2,2020-covid-privacy,2022,Healthcare,Attribute-based encryption scheme,Proposed a scheme for secure and private storage and sharing of COVID-19 EMRs,Ethereum,N/A,,"Reflects revised LaTeX; publication_year retains original extraction label, which may differ from final issue year; selected corrections applied; original platform/software fields not fully revalidated",Storage and sharing of COVID-19 EMRs using attribute-based encryption. Ethereum.
privacy,tab:privacy-works-2,2022-enterprise-ds-fabric-iot,2022,Industrial Internet of Things,Data Encryption and Hyperledger Fabric Channels,Scheme to protect privacy in IIOT applications,Hyperledger Fabric,N/A,,"Reflects revised LaTeX; publication_year retains original extraction label, which may differ from final issue year; selected corrections applied; original platform/software fields not fully revalidated",IIoT data sharing with encryption and channels. Hyperledger Fabric.
privacy,tab:privacy-works-2,2022-scalable-bc-model-ipfs,2022,Healthcare,Data Encryption and Patient Permission,Framework for secure EHR management in healthcare,N/A,N/A,,"Reflects revised LaTeX; publication_year retains original extraction label, which may differ from final issue year; selected corrections applied; original platform/software fields not fully revalidated",EHR management with encryption and patient permissions.
privacy,tab:privacy-works-2,2021-cp-bdhca,2022,Healthcare,Elliptic Curve Cryptographic and Two-step Authentication,"Privacy-preserving scheme combining blockchain, ECC, and 2FA",N/A,N/A,,"Reflects revised LaTeX; publication_year retains original extraction label, which may differ from final issue year; selected corrections applied; original platform/software fields not fully revalidated",Record protection using elliptic-curve cryptography and two-factor authentication.
privacy,tab:privacy-works-2,2022-bc-based-privacy-pres-reward,2022,Internet of Things,Deniable ring signatures and Monero,Reported targets: behavior-profile building prevention and nonframeability,Hyperledger Fabric,N/A,reported_technique; reported_contribution,"Reflects revised LaTeX; publication_year retains original extraction label, which may differ from final issue year; selected corrections applied; original platform/software fields not fully revalidated","Deniable ring signatures and Monero, targeting prevention of behavior profiling and nonframeability. Hyperledger Fabric."
privacy,tab:privacy-works-2,10.1109/tr.2022.3190932,2023,Personal Data,Homomorphic Encryption,,,,publication_year,"Reflects revised LaTeX; publication_year retains original extraction label, which may differ from final issue year; selected corrections applied; original platform/software fields not fully revalidated",Homomorphic encryption.
privacy,tab:privacy-works-2,10.1109/jiot.2023.3242959,2023,Personal Data,ElGamal commitments and one-out-of-many proof,,,,reported_technique,"Reflects revised LaTeX; publication_year retains original extraction label, which may differ from final issue year; selected corrections applied; original platform/software fields not fully revalidated",ElGamal commitments and a one-out-of-many proof.
privacy,tab:privacy-works-2,10.1109/tifs.2023.3297327,2023,Industrial IoT,Sanitizable designated-verifier signatures,,,,use_case; reported_technique,"Reflects revised LaTeX; publication_year retains original extraction label, which may differ from final issue year; selected corrections applied; original platform/software fields not fully revalidated",Sanitizable designated-verifier signatures.
privacy,tab:privacy-works-2,10.1007/s12083-023-01521-w,2023,Healthcare,keyword-based re-encryption and oblivious transfer-based re-encryption,,,,,"Reflects revised LaTeX; publication_year retains original extraction label, which may differ from final issue year; selected corrections applied; original platform/software fields not fully revalidated",Keyword-based and oblivious-transfer-based re-encryption.
privacy,tab:privacy-works-2,10.1109/jiot.2023.3287636,2023,Healthcare,Searchable Encryption Scheme,,,,,"Reflects revised LaTeX; publication_year retains original extraction label, which may differ from final issue year; selected corrections applied; original platform/software fields not fully revalidated",Searchable encryption.
privacy,tab:privacy-works-2,10.1109/jiot.2023.3307073,2023,Internet of Things,Threshold encryption and access control list,,,,,"Reflects revised LaTeX; publication_year retains original extraction label, which may differ from final issue year; selected corrections applied; original platform/software fields not fully revalidated",Threshold encryption and an access-control list.
privacy,tab:privacy-works-2,10.1109/jiot.2023.3295763,2023,Internet of Things,Federated Learning,,,,,"Reflects revised LaTeX; publication_year retains original extraction label, which may differ from final issue year; selected corrections applied; original platform/software fields not fully revalidated",Federated learning.
privacy,tab:privacy-works-2,10.1109/jiot.2021.3134755,2023,Internet of Things,Federated Learning,,,,,"Reflects revised LaTeX; publication_year retains original extraction label, which may differ from final issue year; selected corrections applied; original platform/software fields not fully revalidated",Federated learning.
privacy,tab:privacy-works-2,10.1109/jiot.2023.3247487,2023,Smart Grids,Homomorphic Encryption,,,,,"Reflects revised LaTeX; publication_year retains original extraction label, which may differ from final issue year; selected corrections applied; original platform/software fields not fully revalidated",Homomorphic encryption.
privacy,tab:privacy-works-2,10.1109/tsc.2022.3199111,2023,Cloud Outsourcing,Encrypted Index Storage and Stealth Authorization Scheme,,,,,"Reflects revised LaTeX; publication_year retains original extraction label, which may differ from final issue year; selected corrections applied; original platform/software fields not fully revalidated",Encrypted index storage and stealth authorization.
privacy,tab:privacy-works-2,10.1109/tits.2022.3190487,2023,Maritime Transportation,zk-SNARK and Commitment-related technologies,,,,,"Reflects revised LaTeX; publication_year retains original extraction label, which may differ from final issue year; selected corrections applied; original platform/software fields not fully revalidated",zk-SNARKs and commitments.
privacy,tab:privacy-works-2,10.1109/jiot.2023.3296460,2023,Flight Operation,"Hash Anonymous Identity, zk-SNARKs and Proxy Re-Encryption",,,,,"Reflects revised LaTeX; publication_year retains original extraction label, which may differ from final issue year; selected corrections applied; original platform/software fields not fully revalidated","Hash-based anonymous identity, zk-SNARKs, and proxy re-encryption."
privacy,tab:privacy-works-2,10.1109/tc.2023.3251846,2023,Data Trading,"Attribute-based credentials, encryption, and ZK proofs",,,,reported_technique,"Reflects revised LaTeX; publication_year retains original extraction label, which may differ from final issue year; selected corrections applied; original platform/software fields not fully revalidated","Attribute-based credentials, encryption, and zero-knowledge proofs."
consent,tab:consent-works,2016-medrec,2016,Healthcare,,Decentralized EMR with patient control,Ethereum,N/A,,"Reflects revised LaTeX; publication_year retains original extraction label, which may differ from final issue year; selected corrections applied; original platform/software fields not fully revalidated",Decentralized EMR access with patient control. Ethereum.
consent,tab:consent-works,10.1109/ICCCI.2018.8441445,2018,Academic Records,,"Framework for nested authorization, enabling a school administrator to grant data access rights to third party programs",Hyperledger Fabric,N/A,,"Reflects revised LaTeX; publication_year retains original extraction label, which may differ from final issue year; selected corrections applied; original platform/software fields not fully revalidated",Nested authorization lets school administrators grant third-party programs access. Hyperledger Fabric.
consent,tab:consent-works,2017-clinical-trials,2018,Healthcare (Clinical Trials),,Proof-of-concept protocol for consent collection in clinical trials,N/A,https://github.com/benchoufi/ DocChain,,"Reflects revised LaTeX; publication_year retains original extraction label, which may differ from final issue year; selected corrections applied; original platform/software fields not fully revalidated",Proof-of-concept protocol for clinical-trial consent collection.
consent,tab:consent-works,10.1109/INISTA.2018.8466268,2018,Internet of Things,,"Design and implementation of a Forms of Consent application, that interacts with a set of Smart Contracts",Ethereum,N/A,,"Reflects revised LaTeX; publication_year retains original extraction label, which may differ from final issue year; selected corrections applied; original platform/software fields not fully revalidated",Implemented Forms of Consent application connected to smart contracts. Ethereum.
consent,tab:consent-works,2018-double-blind,2018,Know-your-customer,,Consent-driven and double-blind data sharing in corporate KYC use case,Hyperledger Fabric,N/A,,"Reflects revised LaTeX; publication_year retains original extraction label, which may differ from final issue year; selected corrections applied; original platform/software fields not fully revalidated","Consent-driven, double-blind corporate KYC data sharing. Hyperledger Fabric."
consent,tab:consent-works,2019-unichain-blockchain-acad-records,2019,Academic Records,,Blockchain-based System for Electronic Academic Records,Ethereum,N/A,,"Reflects revised LaTeX; publication_year retains original extraction label, which may differ from final issue year; selected corrections applied; original platform/software fields not fully revalidated",Electronic academic record management. Ethereum.
consent,tab:consent-works,2019-medchain,2019,Healthcare,,"System to manage medical records, incentive mechanisms and access control",Ethereum,N/A,,"Reflects revised LaTeX; publication_year retains original extraction label, which may differ from final issue year; selected corrections applied; original platform/software fields not fully revalidated",Medical-record management with incentives and access control. Ethereum.
consent,tab:consent-works,2018-advocate,2019,Internet of Things,,User-centric with GDPR requirements,Ethereum,https://github.com/AnthonyK95/ adplatform,,"Reflects revised LaTeX; publication_year retains original extraction label, which may differ from final issue year; selected corrections applied; original platform/software fields not fully revalidated",User-centered consent design addressing GDPR requirements. Ethereum.
consent,tab:consent-works,2019-blockchain-permission-iot,2019,Internet of Things,,Decentralized architecture for permission delegation and access control for IoT applications,Hyperledger Fabric,N/A,,"Reflects revised LaTeX; publication_year retains original extraction label, which may differ from final issue year; selected corrections applied; original platform/software fields not fully revalidated",IoT permission delegation and access control. Hyperledger Fabric.
consent,tab:consent-works,2020-blockchain-assisted-living,2020,Active Assisted Living (AAL),,A conceptual framework for consent management active assisted living (AAL) technologies,Hyperledger Fabric,N/A,,"Reflects revised LaTeX; publication_year retains original extraction label, which may differ from final issue year; selected corrections applied; original platform/software fields not fully revalidated",Conceptual consent model for active assisted living. Hyperledger Fabric.
consent,tab:consent-works,2020-consent-design-bc-based-consent-manag,2020,Healthcare,,Framework aimed at regulatory requirements for patient consent,Hyperledger Fabric,N/A,reported_contribution,"Reflects revised LaTeX; publication_year retains original extraction label, which may differ from final issue year; selected corrections applied; original platform/software fields not fully revalidated",Patient-consent design addressing regulatory requirements. Hyperledger Fabric.
consent,tab:consent-works,2020-consent-health,2020,Healthcare,,Architecture combining two consent representation models DUO and ADA-M,Ethereum,https://gitlab.com/vjaiman/ consentblockchainluce,,"Reflects revised LaTeX; publication_year retains original extraction label, which may differ from final issue year; selected corrections applied; original platform/software fields not fully revalidated",Consent representation combining DUO and ADA-M. Ethereum.
consent,tab:consent-works,2020-patient-consent-e-health,2020,Healthcare,,Prototype to allow patient to manage consent for other institutions,Hyperledger Fabric,N/A,,"Reflects revised LaTeX; publication_year retains original extraction label, which may differ from final issue year; selected corrections applied; original platform/software fields not fully revalidated",Proof of concept for patient-managed consent across institutions. Hyperledger Fabric.
consent,tab:consent-works,2020-consent-biobanking,2020,Healthcare,,Dynamic consent for biobank research participants,Hyperledger Fabric,https://github.com/NicholasMamo/ dwarna,reported_contribution,"Reflects revised LaTeX; publication_year retains original extraction label, which may differ from final issue year; selected corrections applied; original platform/software fields not fully revalidated",Dynamic consent for biobank participants. Hyperledger Fabric.
consent,tab:consent-works,2020-consent-clinical-trials,2020,Healthcare (Clinical Trials),,Dynamic consent management in clinical trials,Hyperledger Fabric,N/A,,"Reflects revised LaTeX; publication_year retains original extraction label, which may differ from final issue year; selected corrections applied; original platform/software fields not fully revalidated",Dynamic clinical-trial consent. Hyperledger Fabric.
consent,tab:consent-works,10.1109/ICICT50521.2020.00054,2020,Online Social Networks,,A comparative study of GDPR and OSN consent practices,N/A,N/A,,"Reflects revised LaTeX; publication_year retains original extraction label, which may differ from final issue year; selected corrections applied; original platform/software fields not fully revalidated",Comparison of GDPR requirements and social-network consent practices.
consent,tab:consent-works-2,10.1109/COMSNETS51098.2021.9352817,2021,Data Sharing in General,,"End-to-end protocol for secure, fair data trading using blockchain technology addressing consent, traceability, and fairness.",Ethereum,N/A,,"Reflects revised LaTeX; publication_year retains original extraction label, which may differ from final issue year; selected corrections applied; original platform/software fields not fully revalidated","Data-trading protocol addressing consent, traceability, and fairness. Ethereum."
consent,tab:consent-works-2,10.1007/978-3-030-78621-2_54,2021,Data Sharing in General,,On-chain user permission management mechanism for blockchain with automatic and active permission revocation using smart contracts,N/A,N/A,,"Reflects revised LaTeX; publication_year retains original extraction label, which may differ from final issue year; selected corrections applied; original platform/software fields not fully revalidated",On-chain permission management with automatic and active contract-based revocation.
consent,tab:consent-works-2,10.1109/QRS-C55045.2021.00159,2021,Data Sharing in General,,Consent-management and data-transparency model,N/A,https://github.com/crim-ca/ blockchain,reported_contribution,"Reflects revised LaTeX; publication_year retains original extraction label, which may differ from final issue year; selected corrections applied; original platform/software fields not fully revalidated",Consent-management and data-transparency model.
consent,tab:consent-works-2,10.1109/SMDS53860.2021.00015,2021,Financial Services,,Automated consent management model for financial services,N/A,N/A,,"Reflects revised LaTeX; publication_year retains original extraction label, which may differ from final issue year; selected corrections applied; original platform/software fields not fully revalidated",Automated consent management for financial services.
consent,tab:consent-works-2,10.1136/medethics-2019-105963,2021,Healthcare,,"``Prosent"" concept for pseudonymous, proactive data consent in medical research using blockchain technology",N/A,N/A,,"Reflects revised LaTeX; publication_year retains original extraction label, which may differ from final issue year; selected corrections applied; original platform/software fields not fully revalidated","``Prosent'' model for pseudonymous, proactive consent in medical research."
consent,tab:consent-works-2,10.3837/tiis.2021.12.008,2021,Healthcare,,Blockchain-based PHR platform designed for patient control of personal information,Hyperledger Fabric,N/A,,"Reflects revised LaTeX; publication_year retains original extraction label, which may differ from final issue year; selected corrections applied; original platform/software fields not fully revalidated",Patient-controlled personal health records. Hyperledger Fabric.
consent,tab:consent-works-2,2021-dynamic-consent-genomic,2021,Healthcare,,Blockchain-based clinical genomic data sharing architecture,Ethereum,https://data.mendeley.com/datasets/ vwy3hj5h8n/1,,"Reflects revised LaTeX; publication_year retains original extraction label, which may differ from final issue year; selected corrections applied; original platform/software fields not fully revalidated",Clinical genomic-data sharing. Ethereum.
consent,tab:consent-works-2,2021-dynamichain,2021,Healthcare,,Dynamic consent managment for handling health examination data,Hyperledger Fabric,N/A,,"Reflects revised LaTeX; publication_year retains original extraction label, which may differ from final issue year; selected corrections applied; original platform/software fields not fully revalidated",Dynamic consent for health-examination data. Hyperledger Fabric.
consent,tab:consent-works-2,10.1007/978-981-15-9317-8_3,2021,Open Banking,,Framework for customer consent in open banking process,Hyperledger Fabric,N/A,,"Reflects revised LaTeX; publication_year retains original extraction label, which may differ from final issue year; selected corrections applied; original platform/software fields not fully revalidated",Customer consent in open banking. Hyperledger Fabric.
consent,tab:consent-works-2,10.1145/3511616.3513100,2022,Fitness Ecosystem,,Problems Identification in current privacy policies and consent practices in fitness apps,N/A,N/A,,"Reflects revised LaTeX; publication_year retains original extraction label, which may differ from final issue year; selected corrections applied; original platform/software fields not fully revalidated",Analysis of privacy policies and consent practices in fitness apps.
consent,tab:consent-works-2,10.1016/j.hcc.2022.100084,2022,Healthcare,,Multi-hop permission delegation scheme using PRE and ABE,Ethereum,N/A,,"Reflects revised LaTeX; publication_year retains original extraction label, which may differ from final issue year; selected corrections applied; original platform/software fields not fully revalidated",Multi-hop permission delegation using PRE and ABE. Ethereum.
consent,tab:consent-works-2,10.3389/fmed.2022.837197,2022,Healthcare,,Dynamic consent platform tailored for clinical trials,Hyperledger Fabric,N/A,,"Reflects revised LaTeX; publication_year retains original extraction label, which may differ from final issue year; selected corrections applied; original platform/software fields not fully revalidated",Dynamic clinical-trial consent platform. Hyperledger Fabric.
consent,tab:consent-works-2,2022-crowmedII-consent,2022,Healthcare,,Health data management framework with access rights,Ethereum,N/A,,"Reflects revised LaTeX; publication_year retains original extraction label, which may differ from final issue year; selected corrections applied; original platform/software fields not fully revalidated",Health-data management with access rights. Ethereum.
consent,tab:consent-works-2,2022-BDSS-blockchain-data-sharing,2022,Healthcare,,Framework with fine-grained access control and permission revocation,N/A,N/A,,"Reflects revised LaTeX; publication_year retains original extraction label, which may differ from final issue year; selected corrections applied; original platform/software fields not fully revalidated",Fine-grained access control and permission revocation.
consent,tab:consent-works-2,10.1145/3576842.3582379,2023,Internet of Things,,"Multi-phase consent mechanism for IoT data sharing, using asymmetric cryptography",,,,"Reflects revised LaTeX; publication_year retains original extraction label, which may differ from final issue year; selected corrections applied; original platform/software fields not fully revalidated",Multi-phase IoT consent using asymmetric cryptography.
consent,tab:consent-works-2,10.1016/j.jlamp.2023.100886,2023,Healthcare,,"System employing Event-B method, and SmartDataTrust prototype",,,,"Reflects revised LaTeX; publication_year retains original extraction label, which may differ from final issue year; selected corrections applied; original platform/software fields not fully revalidated",Event-B formal model and SmartDataTrust proof of concept.
consent,tab:consent-works-2,10.1109/ICOIN56518.2023.10048920,2023,Healthcare,,A framework designed to meet the requirements of the GDPR,,,,"Reflects revised LaTeX; publication_year retains original extraction label, which may differ from final issue year; selected corrections applied; original platform/software fields not fully revalidated",Consent design addressing GDPR requirements.
identity,tab:ssi-works-part-1,2018-bc-ssi,2018,Passport-level attributes,,SSI architecture for passport-level attributes.,N/A,N/A,reported_contribution,"Reflects revised LaTeX; publication_year retains original extraction label, which may differ from final issue year; selected corrections applied; original platform/software fields not fully revalidated",SSI for passport-level attributes.
identity,tab:ssi-works-part-1,2019-everssdi,2019,N/A,,SSI framework using smart contracts with identity recovery using SNS and Ethereum Oracles.,Ethereum,N/A,,"Reflects revised LaTeX; publication_year retains original extraction label, which may differ from final issue year; selected corrections applied; original platform/software fields not fully revalidated",Smart-contract SSI with recovery using SNS and Ethereum oracles. Ethereum.
identity,tab:ssi-works-part-1,2019-ssi-digital-identity-bc,2019,Biometric Traits,,A dynamic SSI scheme that could vary or evolve over time.,N/A,N/A,,"Reflects revised LaTeX; publication_year retains original extraction label, which may differ from final issue year; selected corrections applied; original platform/software fields not fully revalidated",Dynamic SSI model that allows identity changes over time.
identity,tab:ssi-works-part-1,10.1109/ACCESS.2019.2931173,2019,N/A,,A formal and mathematical model for understanding the concept of SSI.,N/A,N/A,,"Reflects revised LaTeX; publication_year retains original extraction label, which may differ from final issue year; selected corrections applied; original platform/software fields not fully revalidated",Formal mathematical model of SSI.
identity,tab:ssi-works-part-1,2020-emission-vehicles-ssi,2020,Internet of Things,,SSI architecture for IoT and Smart Vehicles.,Hyperledger Indy,N/A,,"Reflects revised LaTeX; publication_year retains original extraction label, which may differ from final issue year; selected corrections applied; original platform/software fields not fully revalidated",SSI for IoT and smart vehicles. Hyperledger Indy.
identity,tab:ssi-works-part-1,2020-uport-ims-ssi,2020,N/A,,Open-source identity management using smart contracts.,Ethereum,N/A,,"Reflects revised LaTeX; publication_year retains original extraction label, which may differ from final issue year; selected corrections applied; original platform/software fields not fully revalidated",Open-source identity management using smart contracts. Ethereum.
identity,tab:ssi-works-part-1,10.1109/MobileCloud48802.2020.00021,2020,N/A,,Specifications for evaluating SSI solutions.,N/A,N/A,,"Reflects revised LaTeX; publication_year retains original extraction label, which may differ from final issue year; selected corrections applied; original platform/software fields not fully revalidated",Specifications for evaluating SSI systems.
identity,tab:ssi-works-part-1,10.1109/ISSE49799.2020.9272212,2020,uPort and Sovrin ecosystems,,Governing principles of SSI for analyzing the effectiveness of SSI ecosystems.,N/A,N/A,,"Reflects revised LaTeX; publication_year retains original extraction label, which may differ from final issue year; selected corrections applied; original platform/software fields not fully revalidated",SSI governance principles used to assess uPort and Sovrin.
identity,tab:ssi-works-part-1,2020-bbm-ssi,2020,Open Banking,,SSI management for open banking.,N/A,N/A,,"Reflects revised LaTeX; publication_year retains original extraction label, which may differ from final issue year; selected corrections applied; original platform/software fields not fully revalidated",SSI management for open banking.
identity,tab:ssi-works-part-1,2020-enhancing-ssi,2020,Personal Data Disclosure,,SSI model for attribute sensitivity in credential exchanges.,Hyperledger Indy,N/A,,"Reflects revised LaTeX; publication_year retains original extraction label, which may differ from final issue year; selected corrections applied; original platform/software fields not fully revalidated",Attribute-sensitivity model for credential exchange. Hyperledger Indy.
identity,tab:ssi-works-part-1,2021-ssi-public-transport,2021,Public Transportation,,SSI model for multiple credentials for travel.,Hyperledger Indy,N/A,,"Reflects revised LaTeX; publication_year retains original extraction label, which may differ from final issue year; selected corrections applied; original platform/software fields not fully revalidated",SSI model supporting multiple travel credentials. Hyperledger Indy.
identity,tab:ssi-works-part-1,2021-an-innovative-did,2021,Certificate Management,,SSI management framework with Elliptic Curve Cryptography.,N/A,N/A,,"Reflects revised LaTeX; publication_year retains original extraction label, which may differ from final issue year; selected corrections applied; original platform/software fields not fully revalidated",SSI and certificate management using elliptic-curve cryptography.
identity,tab:ssi-works-part-1,2021-did-prevent-secondary,2021,Healthcare,,Decentralized Identity System with Cheon-Kim-Kim-Song (CKKS) fully homomorphic encryption to protect user privacy.,Hyperledger Indy,N/A,,"Reflects revised LaTeX; publication_year retains original extraction label, which may differ from final issue year; selected corrections applied; original platform/software fields not fully revalidated",Decentralized identity with CKKS fully homomorphic encryption. Hyperledger Indy.
identity,tab:ssi-works-part-1,2021-health-ID-decentralized-id,2021,Healthcare,,Patients Identity management model using smart contracts.,Ethereum,https://github.com/ibrahimtariqjaved/ healthid,,"Reflects revised LaTeX; publication_year retains original extraction label, which may differ from final issue year; selected corrections applied; original platform/software fields not fully revalidated",Patient-identity management using smart contracts. Ethereum.
identity,tab:ssi-works-part-1,2021-dec-cross-net-idm,2021,N/A,,A DLT-agnostic architecture and protocols for identity management.,Hyperledger Indy,N/A,,"Reflects revised LaTeX; publication_year retains original extraction label, which may differ from final issue year; selected corrections applied; original platform/software fields not fully revalidated",Ledger-independent identity model and protocols. Hyperledger Indy.
identity,tab:ssi-works-part-1,2021-SSI-food-supply-chain,2021,Supply Chain,,An SSI management system for process and certifications in the food supply chain.,Ethereum,N/A,,"Reflects revised LaTeX; publication_year retains original extraction label, which may differ from final issue year; selected corrections applied; original platform/software fields not fully revalidated",SSI for food-supply-chain processes and certifications. Ethereum.
identity,tab:ssi-works-part-2,10.1109/ISCC53001.2021.9631518,2021,N/A,,An SSI platform to allow users to control their identities autonomously.,Hyperledger Fabric,N/A,,"Reflects revised LaTeX; publication_year retains original extraction label, which may differ from final issue year; selected corrections applied; original platform/software fields not fully revalidated",SSI platform for user-managed identities. Hyperledger Fabric.
identity,tab:ssi-works-part-2,2021-ssi-cyber-threat,2021,Cyber Threat Information,,An SSI platform to share Cyber threat information.,Rahasak with “Aplos” smart contract,N/A,,"Reflects revised LaTeX; publication_year retains original extraction label, which may differ from final issue year; selected corrections applied; original platform/software fields not fully revalidated",SSI for cyber-threat information sharing. Rahasak with Aplos smart contracts.
identity,tab:ssi-works-part-2,2022-ssi-kyc,2022,KYC,,An SSI-based framework for KYC process.,N/A,N/A,,"Reflects revised LaTeX; publication_year retains original extraction label, which may differ from final issue year; selected corrections applied; original platform/software fields not fully revalidated",SSI for KYC.
identity,tab:ssi-works-part-2,2022-a-ssi-idm-bc,2022,N/A,,An SSI management system with data encryption combining blockchain and IPFS.,N/A,N/A,,"Reflects revised LaTeX; publication_year retains original extraction label, which may differ from final issue year; selected corrections applied; original platform/software fields not fully revalidated","SSI with encryption, blockchain, and IPFS storage."
identity,tab:ssi-works-part-2,2022-ssi-patient-centric-healthcare,2022,Healthcare,,An SSI patient-centric healthcare identity wallet.,Hyperledger Indy,N/A,,"Reflects revised LaTeX; publication_year retains original extraction label, which may differ from final issue year; selected corrections applied; original platform/software fields not fully revalidated",Patient-centered identity wallet. Hyperledger Indy.
identity,tab:ssi-works-part-2,2022-towards-ssi-privacy-fl,2022,Healthcare,,An SSI framework with privacy protection using differential privacy and federated learning.,N/A,N/A,,"Reflects revised LaTeX; publication_year retains original extraction label, which may differ from final issue year; selected corrections applied; original platform/software fields not fully revalidated",SSI with differential privacy and federated learning.
identity,tab:ssi-works-part-2,10.1109/LCN53696.2022.9843700,2022,Industrial Internet-of-Things (IIoT),,A decentralized identity management framework for IIoT.,Ethereum and Hyperledger Indy,N/A,,"Reflects revised LaTeX; publication_year retains original extraction label, which may differ from final issue year; selected corrections applied; original platform/software fields not fully revalidated",Decentralized IIoT identity management. Ethereum and Hyperledger Indy.
identity,tab:ssi-works-part-2,2022-hei-bct-ssi,2022,Education Institutions,,An SSI management framework for student credentials.,N/A,N/A,,"Reflects revised LaTeX; publication_year retains original extraction label, which may differ from final issue year; selected corrections applied; original platform/software fields not fully revalidated",SSI for student credentials.
identity,tab:ssi-works-part-2,10.15439/2022F194,2022,Pharmaceutical Supply Chain,,An SSI approach for Inter-Organizational Business Processes (IOBP).,Ethereum,N/A,,"Reflects revised LaTeX; publication_year retains original extraction label, which may differ from final issue year; selected corrections applied; original platform/software fields not fully revalidated",SSI for inter-organizational pharmaceutical supply-chain processes. Ethereum.
