year_basis,year,historical,supplementary_update,combined
extraction_year,2015,1,0,1
extraction_year,2016,2,0,2
extraction_year,2017,2,0,2
extraction_year,2018,7,0,7
extraction_year,2019,7,0,7
extraction_year,2020,15,0,15
extraction_year,2021,31,0,31
extraction_year,2022,17,0,17
extraction_year,2023,16,0,16
extraction_year,2024,0,16,16
extraction_year,2025,0,14,14
extraction_year,2026,0,8,8
bibliography_year,2015,1,0,1
bibliography_year,2016,2,0,2
bibliography_year,2017,2,0,2
bibliography_year,2018,7,0,7
bibliography_year,2019,7,0,7
bibliography_year,2020,15,0,15
bibliography_year,2021,30,0,30
bibliography_year,2022,17,0,17
bibliography_year,2023,15,0,15
bibliography_year,2024,2,16,18
bibliography_year,2025,0,14,14
bibliography_year,2026,0,8,8
